
/home/david/firmware/compiled/firmware.ino.elf:     file format elf32-avr


Disassembly of section .text:

00000000 <__vectors>:
__vectors():
../../../../crt1/gcrt1.S:61
       0:	3e c0       	rjmp	.+124    	; 0x7e <__ctors_end>
       2:	00 00       	nop
../../../../crt1/gcrt1.S:67
       4:	64 c0       	rjmp	.+200    	; 0xce <__bad_interrupt>
       6:	00 00       	nop
../../../../crt1/gcrt1.S:68
       8:	62 c0       	rjmp	.+196    	; 0xce <__bad_interrupt>
       a:	00 00       	nop
../../../../crt1/gcrt1.S:69
       c:	c4 c5       	rjmp	.+2952   	; 0xb96 <__vector_3>
       e:	00 00       	nop
../../../../crt1/gcrt1.S:70
      10:	5e c0       	rjmp	.+188    	; 0xce <__bad_interrupt>
      12:	00 00       	nop
../../../../crt1/gcrt1.S:71
      14:	5c c0       	rjmp	.+184    	; 0xce <__bad_interrupt>
      16:	00 00       	nop
../../../../crt1/gcrt1.S:72
      18:	5a c0       	rjmp	.+180    	; 0xce <__bad_interrupt>
      1a:	00 00       	nop
../../../../crt1/gcrt1.S:73
      1c:	bf c4       	rjmp	.+2430   	; 0x99c <__vector_7>
      1e:	00 00       	nop
../../../../crt1/gcrt1.S:74
      20:	56 c0       	rjmp	.+172    	; 0xce <__bad_interrupt>
      22:	00 00       	nop
../../../../crt1/gcrt1.S:75
      24:	54 c0       	rjmp	.+168    	; 0xce <__bad_interrupt>
      26:	00 00       	nop
../../../../crt1/gcrt1.S:76
      28:	52 c0       	rjmp	.+164    	; 0xce <__bad_interrupt>
      2a:	00 00       	nop
../../../../crt1/gcrt1.S:77
      2c:	50 c0       	rjmp	.+160    	; 0xce <__bad_interrupt>
      2e:	00 00       	nop
../../../../crt1/gcrt1.S:78
      30:	4e c0       	rjmp	.+156    	; 0xce <__bad_interrupt>
      32:	00 00       	nop
../../../../crt1/gcrt1.S:79
      34:	4c c0       	rjmp	.+152    	; 0xce <__bad_interrupt>
      36:	00 00       	nop
../../../../crt1/gcrt1.S:80
      38:	4a c0       	rjmp	.+148    	; 0xce <__bad_interrupt>
      3a:	00 00       	nop
../../../../crt1/gcrt1.S:81
      3c:	08 c4       	rjmp	.+2064   	; 0x84e <__vector_15>
      3e:	00 00       	nop
../../../../crt1/gcrt1.S:82
      40:	46 c0       	rjmp	.+140    	; 0xce <__bad_interrupt>
      42:	00 00       	nop
../../../../crt1/gcrt1.S:83
      44:	44 c0       	rjmp	.+136    	; 0xce <__bad_interrupt>
      46:	00 00       	nop
../../../../crt1/gcrt1.S:84
      48:	42 c0       	rjmp	.+132    	; 0xce <__bad_interrupt>
      4a:	00 00       	nop
../../../../crt1/gcrt1.S:85
      4c:	40 c0       	rjmp	.+128    	; 0xce <__bad_interrupt>
      4e:	00 00       	nop
../../../../crt1/gcrt1.S:86
      50:	2d c4       	rjmp	.+2138   	; 0x8ac <__vector_20>
      52:	00 00       	nop
../../../../crt1/gcrt1.S:87
      54:	80 c4       	rjmp	.+2304   	; 0x956 <__vector_21>
      56:	00 00       	nop
../../../../crt1/gcrt1.S:88
      58:	3a c0       	rjmp	.+116    	; 0xce <__bad_interrupt>
      5a:	00 00       	nop
../../../../crt1/gcrt1.S:89
      5c:	38 c0       	rjmp	.+112    	; 0xce <__bad_interrupt>
      5e:	00 00       	nop
../../../../crt1/gcrt1.S:90
      60:	36 c0       	rjmp	.+108    	; 0xce <__bad_interrupt>
      62:	00 00       	nop
../../../../crt1/gcrt1.S:91
      64:	34 c0       	rjmp	.+104    	; 0xce <__bad_interrupt>
      66:	00 00       	nop
../../../../crt1/gcrt1.S:92
      68:	32 c0       	rjmp	.+100    	; 0xce <__bad_interrupt>
      6a:	00 00       	nop
../../../../crt1/gcrt1.S:93
      6c:	30 c0       	rjmp	.+96     	; 0xce <__bad_interrupt>
      6e:	00 00       	nop
../../../../crt1/gcrt1.S:94
      70:	2e c0       	rjmp	.+92     	; 0xce <__bad_interrupt>
      72:	00 00       	nop
../../../../crt1/gcrt1.S:95
      74:	2c c0       	rjmp	.+88     	; 0xce <__bad_interrupt>
      76:	00 00       	nop
../../../../crt1/gcrt1.S:96
      78:	2a c0       	rjmp	.+84     	; 0xce <__bad_interrupt>
	...

0000007c <__ctors_start>:
__trampolines_start():
      7c:	4a 09       	sbc	r20, r10

0000007e <__ctors_end>:
__dtors_end():
../../../../crt1/gcrt1.S:230
      7e:	11 24       	eor	r1, r1
../../../../crt1/gcrt1.S:231
      80:	1f be       	out	0x3f, r1	; 63
../../../../crt1/gcrt1.S:232
      82:	cf ef       	ldi	r28, 0xFF	; 255
../../../../crt1/gcrt1.S:234
      84:	cd bf       	out	0x3d, r28	; 61
../../../../crt1/gcrt1.S:236
      86:	df e3       	ldi	r29, 0x3F	; 63
../../../../crt1/gcrt1.S:237
      88:	de bf       	out	0x3e, r29	; 62

0000008a <_initThreeStuff()>:
_Z15_initThreeStuffv():
/home/david/.arduino15/packages/megaTinyCore/hardware/megaavr/2.6.11/cores/megatinycore/main.cpp:104

  /* Minimum: Reset if we wound up here through malfunction - this relies on user clearing the  *
   * register on startup, which is rarely done in Arduino land.                                 */
  void __attribute__((weak)) init_reset_flags() ;
  void __attribute__((weak)) init_reset_flags() {
    uint8_t flags = RSTCTRL.RSTFR;
      8a:	80 91 40 00 	lds	r24, 0x0040	; 0x800040 <digital_pin_to_bit_mask+0x7f6c7e>
/home/david/.arduino15/packages/megaTinyCore/hardware/megaavr/2.6.11/cores/megatinycore/main.cpp:105
    RSTCTRL.RSTFR = flags;
      8e:	80 93 40 00 	sts	0x0040, r24	; 0x800040 <digital_pin_to_bit_mask+0x7f6c7e>
/home/david/.arduino15/packages/megaTinyCore/hardware/megaavr/2.6.11/cores/megatinycore/main.cpp:106
    if (flags == 0) {
      92:	81 11       	cpse	r24, r1
      94:	05 c0       	rjmp	.+10     	; 0xa0 <_initThreeStuff()+0x16>
/home/david/.arduino15/packages/megaTinyCore/hardware/megaavr/2.6.11/cores/megatinycore/main.cpp:107
      _PROTECTED_WRITE(RSTCTRL.SWRR, 1);
      96:	98 ed       	ldi	r25, 0xD8	; 216
      98:	21 e0       	ldi	r18, 0x01	; 1
      9a:	94 bf       	out	0x34, r25	; 52
      9c:	20 93 41 00 	sts	0x0041, r18	; 0x800041 <digital_pin_to_bit_mask+0x7f6c7f>
/home/david/.arduino15/packages/megaTinyCore/hardware/megaavr/2.6.11/cores/megatinycore/main.cpp:109
    }
    GPIOR0 = flags;
      a0:	8c bb       	out	0x1c, r24	; 28

000000a2 <__do_clear_bss>:
__do_clear_bss():
/home/admin/Arduino/toolchain-avr-special-master/gcc-build/avr/avrxmega3/libgcc/../../../../gcc/libgcc/config/avr/lib1funcs.S:2441
      a2:	28 e3       	ldi	r18, 0x38	; 56
/home/admin/Arduino/toolchain-avr-special-master/gcc-build/avr/avrxmega3/libgcc/../../../../gcc/libgcc/config/avr/lib1funcs.S:2442
      a4:	a0 e0       	ldi	r26, 0x00	; 0
/home/admin/Arduino/toolchain-avr-special-master/gcc-build/avr/avrxmega3/libgcc/../../../../gcc/libgcc/config/avr/lib1funcs.S:2443
      a6:	b8 e3       	ldi	r27, 0x38	; 56
/home/admin/Arduino/toolchain-avr-special-master/gcc-build/avr/avrxmega3/libgcc/../../../../gcc/libgcc/config/avr/lib1funcs.S:2444
      a8:	01 c0       	rjmp	.+2      	; 0xac <.do_clear_bss_start>

000000aa <.do_clear_bss_loop>:
/home/admin/Arduino/toolchain-avr-special-master/gcc-build/avr/avrxmega3/libgcc/../../../../gcc/libgcc/config/avr/lib1funcs.S:2446
      aa:	1d 92       	st	X+, r1

000000ac <.do_clear_bss_start>:
/home/admin/Arduino/toolchain-avr-special-master/gcc-build/avr/avrxmega3/libgcc/../../../../gcc/libgcc/config/avr/lib1funcs.S:2448
      ac:	aa 3f       	cpi	r26, 0xFA	; 250
/home/admin/Arduino/toolchain-avr-special-master/gcc-build/avr/avrxmega3/libgcc/../../../../gcc/libgcc/config/avr/lib1funcs.S:2449
      ae:	b2 07       	cpc	r27, r18
/home/admin/Arduino/toolchain-avr-special-master/gcc-build/avr/avrxmega3/libgcc/../../../../gcc/libgcc/config/avr/lib1funcs.S:2450
      b0:	e1 f7       	brne	.-8      	; 0xaa <.do_clear_bss_loop>

000000b2 <__do_global_ctors>:
__do_global_ctors():
/home/admin/Arduino/toolchain-avr-special-master/gcc-build/avr/avrxmega3/libgcc/../../../../gcc/libgcc/config/avr/lib1funcs.S:2466
      b2:	10 e0       	ldi	r17, 0x00	; 0
/home/admin/Arduino/toolchain-avr-special-master/gcc-build/avr/avrxmega3/libgcc/../../../../gcc/libgcc/config/avr/lib1funcs.S:2467
      b4:	cf e3       	ldi	r28, 0x3F	; 63
/home/admin/Arduino/toolchain-avr-special-master/gcc-build/avr/avrxmega3/libgcc/../../../../gcc/libgcc/config/avr/lib1funcs.S:2468
      b6:	d0 e0       	ldi	r29, 0x00	; 0
/home/admin/Arduino/toolchain-avr-special-master/gcc-build/avr/avrxmega3/libgcc/../../../../gcc/libgcc/config/avr/lib1funcs.S:2472
      b8:	04 c0       	rjmp	.+8      	; 0xc2 <__do_global_ctors+0x10>
/home/admin/Arduino/toolchain-avr-special-master/gcc-build/avr/avrxmega3/libgcc/../../../../gcc/libgcc/config/avr/lib1funcs.S:2474
      ba:	21 97       	sbiw	r28, 0x01	; 1
/home/admin/Arduino/toolchain-avr-special-master/gcc-build/avr/avrxmega3/libgcc/../../../../gcc/libgcc/config/avr/lib1funcs.S:2480
      bc:	fe 01       	movw	r30, r28
/home/admin/Arduino/toolchain-avr-special-master/gcc-build/avr/avrxmega3/libgcc/../../../../gcc/libgcc/config/avr/lib1funcs.S:2481
      be:	0e 94 84 09 	call	0x1308	; 0x1308 <__tablejump2__>
/home/admin/Arduino/toolchain-avr-special-master/gcc-build/avr/avrxmega3/libgcc/../../../../gcc/libgcc/config/avr/lib1funcs.S:2483
      c2:	ce 33       	cpi	r28, 0x3E	; 62
/home/admin/Arduino/toolchain-avr-special-master/gcc-build/avr/avrxmega3/libgcc/../../../../gcc/libgcc/config/avr/lib1funcs.S:2484
      c4:	d1 07       	cpc	r29, r17
/home/admin/Arduino/toolchain-avr-special-master/gcc-build/avr/avrxmega3/libgcc/../../../../gcc/libgcc/config/avr/lib1funcs.S:2489
      c6:	c9 f7       	brne	.-14     	; 0xba <__do_global_ctors+0x8>
../../../../crt1/gcrt1.S:314
      c8:	81 d5       	rcall	.+2818   	; 0xbcc <main>
../../../../crt1/gcrt1.S:315
      ca:	0c 94 a3 09 	jmp	0x1346	; 0x1346 <_exit>

000000ce <__bad_interrupt>:
__vector_22():
../../../../crt1/gcrt1.S:209
      ce:	98 cf       	rjmp	.-208    	; 0x0 <__vectors>

000000d0 <tinyNeoPixel::setPixelColor(unsigned int, unsigned char, unsigned char, unsigned char) [clone .constprop.12]>:
_ZN12tinyNeoPixel13setPixelColorEjhhh.constprop.12():
/home/david/.arduino15/packages/megaTinyCore/hardware/megaavr/2.6.11/libraries/tinyNeoPixel_Static/tinyNeoPixel_Static.cpp:1088
  pinMask = digitalPinToBitMask(p);
}

// Set pixel color from separate R,G,B components:
void tinyNeoPixel::setPixelColor(uint16_t n, uint8_t r, uint8_t g, uint8_t b) {
  if (n < numLEDs) {
      d0:	e0 91 e5 38 	lds	r30, 0x38E5	; 0x8038e5 <ledStrip>
      d4:	f0 91 e6 38 	lds	r31, 0x38E6	; 0x8038e6 <ledStrip+0x1>
      d8:	8e 17       	cp	r24, r30
      da:	9f 07       	cpc	r25, r31
      dc:	98 f5       	brcc	.+102    	; 0x144 <__EEPROM_REGION_LENGTH__+0x44>
/home/david/.arduino15/packages/megaTinyCore/hardware/megaavr/2.6.11/libraries/tinyNeoPixel_Static/tinyNeoPixel_Static.cpp:1089
    if (brightness) { // See notes in setBrightness()
      de:	30 91 ec 38 	lds	r19, 0x38EC	; 0x8038ec <ledStrip+0x7>
      e2:	33 23       	and	r19, r19
      e4:	61 f0       	breq	.+24     	; 0xfe <tinyNeoPixel::setPixelColor(unsigned int, unsigned char, unsigned char, unsigned char) [clone .constprop.12]+0x2e>
/home/david/.arduino15/packages/megaTinyCore/hardware/megaavr/2.6.11/libraries/tinyNeoPixel_Static/tinyNeoPixel_Static.cpp:1090
      r = (r * brightness) >> 8;
      e6:	63 9f       	mul	r22, r19
      e8:	b0 01       	movw	r22, r0
      ea:	11 24       	eor	r1, r1
      ec:	67 2f       	mov	r22, r23
/home/david/.arduino15/packages/megaTinyCore/hardware/megaavr/2.6.11/libraries/tinyNeoPixel_Static/tinyNeoPixel_Static.cpp:1091
      g = (g * brightness) >> 8;
      ee:	34 9f       	mul	r19, r20
      f0:	a0 01       	movw	r20, r0
      f2:	11 24       	eor	r1, r1
      f4:	45 2f       	mov	r20, r21
/home/david/.arduino15/packages/megaTinyCore/hardware/megaavr/2.6.11/libraries/tinyNeoPixel_Static/tinyNeoPixel_Static.cpp:1092
      b = (b * brightness) >> 8;
      f6:	32 9f       	mul	r19, r18
      f8:	90 01       	movw	r18, r0
      fa:	11 24       	eor	r1, r1
      fc:	23 2f       	mov	r18, r19
/home/david/.arduino15/packages/megaTinyCore/hardware/megaavr/2.6.11/libraries/tinyNeoPixel_Static/tinyNeoPixel_Static.cpp:1095
    }
    uint8_t *p;
    if (wOffset == rOffset) { // Is an RGB-type strip
      fe:	30 91 f2 38 	lds	r19, 0x38F2	; 0x8038f2 <ledStrip+0xd>
     102:	e0 91 ed 38 	lds	r30, 0x38ED	; 0x8038ed <ledStrip+0x8>
     106:	f0 91 ee 38 	lds	r31, 0x38EE	; 0x8038ee <ledStrip+0x9>
     10a:	50 91 ef 38 	lds	r21, 0x38EF	; 0x8038ef <ledStrip+0xa>
     10e:	35 13       	cpse	r19, r21
     110:	1a c0       	rjmp	.+52     	; 0x146 <__EEPROM_REGION_LENGTH__+0x46>
/home/david/.arduino15/packages/megaTinyCore/hardware/megaavr/2.6.11/libraries/tinyNeoPixel_Static/tinyNeoPixel_Static.cpp:1096
      p = &pixels[n * 3];    // 3 bytes per pixel
     112:	dc 01       	movw	r26, r24
     114:	aa 0f       	add	r26, r26
     116:	bb 1f       	adc	r27, r27
     118:	8a 0f       	add	r24, r26
     11a:	9b 1f       	adc	r25, r27
     11c:	8e 0f       	add	r24, r30
     11e:	9f 1f       	adc	r25, r31
/home/david/.arduino15/packages/megaTinyCore/hardware/megaavr/2.6.11/libraries/tinyNeoPixel_Static/tinyNeoPixel_Static.cpp:1101
    } else {                 // Is a WRGB-type strip
      p = &pixels[n * 4];    // 4 bytes per pixel
      p[wOffset] = 0;        // But only R,G,B passed -- set W to 0
    }
    p[rOffset] = r;          // R,G,B always stored
     120:	e0 91 ef 38 	lds	r30, 0x38EF	; 0x8038ef <ledStrip+0xa>
     124:	e8 0f       	add	r30, r24
     126:	f9 2f       	mov	r31, r25
     128:	f1 1d       	adc	r31, r1
     12a:	60 83       	st	Z, r22
/home/david/.arduino15/packages/megaTinyCore/hardware/megaavr/2.6.11/libraries/tinyNeoPixel_Static/tinyNeoPixel_Static.cpp:1102
    p[gOffset] = g;
     12c:	e0 91 f0 38 	lds	r30, 0x38F0	; 0x8038f0 <ledStrip+0xb>
     130:	e8 0f       	add	r30, r24
     132:	f9 2f       	mov	r31, r25
     134:	f1 1d       	adc	r31, r1
     136:	40 83       	st	Z, r20
/home/david/.arduino15/packages/megaTinyCore/hardware/megaavr/2.6.11/libraries/tinyNeoPixel_Static/tinyNeoPixel_Static.cpp:1103
    p[bOffset] = b;
     138:	30 91 f1 38 	lds	r19, 0x38F1	; 0x8038f1 <ledStrip+0xc>
     13c:	83 0f       	add	r24, r19
     13e:	91 1d       	adc	r25, r1
     140:	fc 01       	movw	r30, r24
     142:	20 83       	st	Z, r18
/home/david/.arduino15/packages/megaTinyCore/hardware/megaavr/2.6.11/libraries/tinyNeoPixel_Static/tinyNeoPixel_Static.cpp:1105
  }
}
     144:	08 95       	ret
/home/david/.arduino15/packages/megaTinyCore/hardware/megaavr/2.6.11/libraries/tinyNeoPixel_Static/tinyNeoPixel_Static.cpp:1098
    }
    uint8_t *p;
    if (wOffset == rOffset) { // Is an RGB-type strip
      p = &pixels[n * 3];    // 3 bytes per pixel
    } else {                 // Is a WRGB-type strip
      p = &pixels[n * 4];    // 4 bytes per pixel
     146:	88 0f       	add	r24, r24
     148:	99 1f       	adc	r25, r25
     14a:	88 0f       	add	r24, r24
     14c:	99 1f       	adc	r25, r25
     14e:	8e 0f       	add	r24, r30
     150:	9f 1f       	adc	r25, r31
/home/david/.arduino15/packages/megaTinyCore/hardware/megaavr/2.6.11/libraries/tinyNeoPixel_Static/tinyNeoPixel_Static.cpp:1099
      p[wOffset] = 0;        // But only R,G,B passed -- set W to 0
     152:	fc 01       	movw	r30, r24
     154:	e3 0f       	add	r30, r19
     156:	f1 1d       	adc	r31, r1
     158:	10 82       	st	Z, r1
     15a:	e2 cf       	rjmp	.-60     	; 0x120 <__EEPROM_REGION_LENGTH__+0x20>

0000015c <micros>:
micros():
/home/david/.arduino15/packages/megaTinyCore/hardware/megaavr/2.6.11/cores/megatinycore/wiring_micros_ISR.h:403
}



#if !(defined(MILLIS_USE_TIMERNONE) || defined(MILLIS_USE_TIMERRTC))
  unsigned long micros() {
     15c:	cf 92       	push	r12
     15e:	df 92       	push	r13
     160:	ef 92       	push	r14
     162:	ff 92       	push	r15
/home/david/.arduino15/packages/megaTinyCore/hardware/megaavr/2.6.11/cores/megatinycore/wiring_micros_ISR.h:412
    #else /* TCA */
      uint8_t ticks;
    #endif
    uint8_t flags;
    /* Save current state and disable interrupts */
    uint8_t oldSREG = SREG;
     164:	9f b7       	in	r25, 0x3f	; 63
/home/david/.arduino15/packages/megaTinyCore/hardware/megaavr/2.6.11/cores/megatinycore/wiring_micros_ISR.h:413
    cli(); /* INTERRUPTS OFF */
     166:	f8 94       	cli
/home/david/.arduino15/packages/megaTinyCore/hardware/megaavr/2.6.11/cores/megatinycore/wiring_micros_ISR.h:421
      flags = _timer->INTFLAGS;
    #elif defined(MILLIS_USE_TIMERA0)
      ticks = TCA0.SPLIT.HCNT;
      flags = TCA0.SPLIT.INTFLAGS;
    #elif defined(MILLIS_USE_TIMERD0)
      TCD0.CTRLE = TCD_SCAPTUREA_bm;
     168:	88 e0       	ldi	r24, 0x08	; 8
     16a:	80 93 84 0a 	sts	0x0A84, r24	; 0x800a84 <digital_pin_to_bit_mask+0x7f76c2>
/home/david/.arduino15/packages/megaTinyCore/hardware/megaavr/2.6.11/cores/megatinycore/wiring_micros_ISR.h:422
      while (!(TCD0.STATUS & TCD_CMDRDY_bm)); // wait for sync - should be only one iteration of this loop
     16e:	80 91 8e 0a 	lds	r24, 0x0A8E	; 0x800a8e <digital_pin_to_bit_mask+0x7f76cc>
     172:	81 ff       	sbrs	r24, 1
     174:	fc cf       	rjmp	.-8      	; 0x16e <micros+0x12>
/home/david/.arduino15/packages/megaTinyCore/hardware/megaavr/2.6.11/cores/megatinycore/wiring_micros_ISR.h:423
      flags = TCD0.INTFLAGS;
     176:	80 91 8d 0a 	lds	r24, 0x0A8D	; 0x800a8d <digital_pin_to_bit_mask+0x7f76cb>
/home/david/.arduino15/packages/megaTinyCore/hardware/megaavr/2.6.11/cores/megatinycore/wiring_micros_ISR.h:424
      ticks = TCD0.CAPTUREA;
     17a:	e0 91 a2 0a 	lds	r30, 0x0AA2	; 0x800aa2 <digital_pin_to_bit_mask+0x7f76e0>
     17e:	f0 91 a3 0a 	lds	r31, 0x0AA3	; 0x800aa3 <digital_pin_to_bit_mask+0x7f76e1>
/home/david/.arduino15/packages/megaTinyCore/hardware/megaavr/2.6.11/cores/megatinycore/wiring_micros_ISR.h:434
     * ISR has not fired. If we already read a high value of ticks, either we read it just before the overflow,
     * so we shouldn't increment overflows, or interrupts are disabled and micros isn't expected to work so it
     * doesn't matter.
     * Get current number of overflows and timer count */
    #if (MILLIS_TYPE != MILLIS_TCB)
      overflows = timingStruct.timer_overflow_count;
     182:	c0 90 db 38 	lds	r12, 0x38DB	; 0x8038db <timingStruct>
     186:	d0 90 dc 38 	lds	r13, 0x38DC	; 0x8038dc <timingStruct+0x1>
     18a:	e0 90 dd 38 	lds	r14, 0x38DD	; 0x8038dd <timingStruct+0x2>
     18e:	f0 90 de 38 	lds	r15, 0x38DE	; 0x8038de <timingStruct+0x3>
/home/david/.arduino15/packages/megaTinyCore/hardware/megaavr/2.6.11/cores/megatinycore/wiring_micros_ISR.h:439
    #else
      overflows = timingStruct.timer_millis;
    #endif
    /* Turn interrupts back on, assuming they were on when micros was called. */
    SREG = oldSREG; /* INTERRUPTS ON */
     192:	9f bf       	out	0x3f, r25	; 63
/home/david/.arduino15/packages/megaTinyCore/hardware/megaavr/2.6.11/cores/megatinycore/wiring_micros_ISR.h:441
    #if defined(MILLIS_USE_TIMERD0)
      if ((flags & TCD_OVF_bm) && (ticks < 0x07)) {
     194:	80 ff       	sbrs	r24, 0
     196:	08 c0       	rjmp	.+16     	; 0x1a8 <micros+0x4c>
     198:	e7 30       	cpi	r30, 0x07	; 7
     19a:	f1 05       	cpc	r31, r1
     19c:	28 f4       	brcc	.+10     	; 0x1a8 <micros+0x4c>
/home/david/.arduino15/packages/megaTinyCore/hardware/megaavr/2.6.11/cores/megatinycore/wiring_micros_ISR.h:451
      if ((flags & TCB_CAPT_bm) && !(ticks & 0xFF00)) {
    #endif
    #if (MILLIS_TYPE == MILLIS_TCB) && !(F_CPU > 2000000UL)
      overflows +=2;
    #else
      overflows++;
     19e:	8f ef       	ldi	r24, 0xFF	; 255
     1a0:	c8 1a       	sub	r12, r24
     1a2:	d8 0a       	sbc	r13, r24
     1a4:	e8 0a       	sbc	r14, r24
     1a6:	f8 0a       	sbc	r15, r24
/home/david/.arduino15/packages/megaTinyCore/hardware/megaavr/2.6.11/cores/megatinycore/wiring_micros_ISR.h:457
    #endif
      } // end getting ticks

    #if defined(MILLIS_USE_TIMERD0)
      #if (F_CPU == 20000000UL || F_CPU == 10000000UL || F_CPU == 5000000UL)
        uint8_t ticks_l = ticks >> 1;
     1a8:	9f 01       	movw	r18, r30
     1aa:	36 95       	lsr	r19
     1ac:	27 95       	ror	r18
/home/david/.arduino15/packages/megaTinyCore/hardware/megaavr/2.6.11/cores/megatinycore/wiring_micros_ISR.h:458
        ticks = ticks + ticks_l + ((ticks_l >> 2) - (ticks_l >> 4) + (ticks_l >> 7));
     1ae:	cf 01       	movw	r24, r30
     1b0:	82 0f       	add	r24, r18
     1b2:	91 1d       	adc	r25, r1
     1b4:	e2 2f       	mov	r30, r18
     1b6:	e6 95       	lsr	r30
     1b8:	e6 95       	lsr	r30
     1ba:	32 2f       	mov	r19, r18
     1bc:	32 95       	swap	r19
     1be:	3f 70       	andi	r19, 0x0F	; 15
     1c0:	e3 1b       	sub	r30, r19
     1c2:	ff 0b       	sbc	r31, r31
     1c4:	27 fd       	sbrc	r18, 7
     1c6:	31 96       	adiw	r30, 0x01	; 1
     1c8:	e8 0f       	add	r30, r24
     1ca:	f9 1f       	adc	r31, r25
/home/david/.arduino15/packages/megaTinyCore/hardware/megaavr/2.6.11/cores/megatinycore/wiring_micros_ISR.h:462
        // + ticks +(ticks>>1)+(ticks>>3)-(ticks>>5)+(ticks>>8))
        // speed optimization via doing math with smaller datatypes, since we know high byte is 1 or 0.
        //microseconds =   overflows * (TIME_TRACKING_CYCLES_PER_OVF / 20) + ticks; // ticks value corrected above. *FIVE HUNDRED AND TEN DOES NOT EVENLY DIVIDE BY 20!* What the fuck?
        microseconds =   overflows * (TIME_TRACKING_CYCLES_PER_OVF / 20) + ticks + (overflows >> 1);
     1cc:	a0 e3       	ldi	r26, 0x30	; 48
     1ce:	b3 e0       	ldi	r27, 0x03	; 3
     1d0:	a7 01       	movw	r20, r14
     1d2:	96 01       	movw	r18, r12
     1d4:	0e 94 8a 09 	call	0x1314	; 0x1314 <__muluhisi3>
     1d8:	f6 94       	lsr	r15
     1da:	e7 94       	ror	r14
     1dc:	d7 94       	ror	r13
     1de:	c7 94       	ror	r12
     1e0:	c6 0e       	add	r12, r22
     1e2:	d7 1e       	adc	r13, r23
     1e4:	e8 1e       	adc	r14, r24
     1e6:	f9 1e       	adc	r15, r25
     1e8:	c7 01       	movw	r24, r14
     1ea:	b6 01       	movw	r22, r12
     1ec:	6e 0f       	add	r22, r30
     1ee:	7f 1f       	adc	r23, r31
     1f0:	81 1d       	adc	r24, r1
     1f2:	91 1d       	adc	r25, r1
/home/david/.arduino15/packages/megaTinyCore/hardware/megaavr/2.6.11/cores/megatinycore/wiring_micros_ISR.h:800
        microseconds = ((overflows * millisClockCyclesToMicroseconds(TIME_TRACKING_CYCLES_PER_OVF))
                      + (ticks * (millisClockCyclesToMicroseconds(TIME_TRACKING_CYCLES_PER_OVF) / TIME_TRACKING_TIMER_PERIOD)));
      #endif
    #endif // end of timer-specific part of micros calculations
    return microseconds;
  }
     1f4:	ff 90       	pop	r15
     1f6:	ef 90       	pop	r14
     1f8:	df 90       	pop	r13
     1fa:	cf 90       	pop	r12
     1fc:	08 95       	ret

000001fe <tinyNeoPixel::show() [clone .constprop.14]>:
_ZN12tinyNeoPixel4showEv.constprop.14():
/home/david/.arduino15/packages/megaTinyCore/hardware/megaavr/2.6.11/libraries/tinyNeoPixel_Static/tinyNeoPixel_Static.cpp:79
  latchTime = (us < 6 ? 6 : us); // there are no devices in production with a shorter latch waiting time, and thus is the shortest reasonable latch delay.
}
// *INDENT-OFF*   astyle don't like assembly
#if (PROGMEM_SIZE > 4096UL)

void tinyNeoPixel::show(void) {
     1fe:	0f 93       	push	r16
     200:	1f 93       	push	r17
     202:	cf 93       	push	r28
     204:	df 93       	push	r29
     206:	cd b7       	in	r28, 0x3d	; 61
     208:	de b7       	in	r29, 0x3e	; 62
     20a:	27 97       	sbiw	r28, 0x07	; 7
     20c:	cd bf       	out	0x3d, r28	; 61
     20e:	de bf       	out	0x3e, r29	; 62
show():
/home/david/.arduino15/packages/megaTinyCore/hardware/megaavr/2.6.11/libraries/tinyNeoPixel_Static/tinyNeoPixel_Static.cpp:83
  show(0);
}
void tinyNeoPixel::show(uint16_t leds) {
  volatile uint16_t i = numBytes;;
     210:	80 91 e7 38 	lds	r24, 0x38E7	; 0x8038e7 <ledStrip+0x2>
     214:	90 91 e8 38 	lds	r25, 0x38E8	; 0x8038e8 <ledStrip+0x3>
     218:	89 83       	std	Y+1, r24	; 0x01
     21a:	9a 83       	std	Y+2, r25	; 0x02
/home/david/.arduino15/packages/megaTinyCore/hardware/megaavr/2.6.11/libraries/tinyNeoPixel_Static/tinyNeoPixel_Static.cpp:91
      i = leds + leds + leds;
    } else {
      i = leds << 2;
    }
  }
  if ((!pixels) || pin >= NUM_DIGITAL_PINS)  {
     21c:	80 91 ed 38 	lds	r24, 0x38ED	; 0x8038ed <ledStrip+0x8>
     220:	90 91 ee 38 	lds	r25, 0x38EE	; 0x8038ee <ledStrip+0x9>
     224:	89 2b       	or	r24, r25
     226:	09 f4       	brne	.+2      	; 0x22a <tinyNeoPixel::show() [clone .constprop.14]+0x2c>
     228:	69 c0       	rjmp	.+210    	; 0x2fc <_nextbyte20+0x30>
     22a:	80 91 eb 38 	lds	r24, 0x38EB	; 0x8038eb <ledStrip+0x6>
     22e:	82 31       	cpi	r24, 0x12	; 18
     230:	0c f0       	brlt	.+2      	; 0x234 <tinyNeoPixel::show() [clone .constprop.14]+0x36>
     232:	64 c0       	rjmp	.+200    	; 0x2fc <_nextbyte20+0x30>
canShow():
/home/david/.arduino15/packages/megaTinyCore/hardware/megaavr/2.6.11/libraries/tinyNeoPixel_Static/tinyNeoPixel_Static.h:302
             function instead.
  */
  static uint32_t gamma32(uint32_t x);

  #if (defined(micros))
    inline bool canShow(void) { return (micros() - endTime) >= (uint32_t) latchTime; }
     234:	93 df       	rcall	.-218    	; 0x15c <micros>
     236:	00 91 f3 38 	lds	r16, 0x38F3	; 0x8038f3 <ledStrip+0xe>
     23a:	10 91 f4 38 	lds	r17, 0x38F4	; 0x8038f4 <ledStrip+0xf>
     23e:	20 91 f5 38 	lds	r18, 0x38F5	; 0x8038f5 <ledStrip+0x10>
     242:	30 91 f6 38 	lds	r19, 0x38F6	; 0x8038f6 <ledStrip+0x11>
     246:	ab 01       	movw	r20, r22
     248:	bc 01       	movw	r22, r24
     24a:	40 1b       	sub	r20, r16
     24c:	51 0b       	sbc	r21, r17
     24e:	62 0b       	sbc	r22, r18
     250:	73 0b       	sbc	r23, r19
     252:	80 91 e9 38 	lds	r24, 0x38E9	; 0x8038e9 <ledStrip+0x4>
     256:	90 91 ea 38 	lds	r25, 0x38EA	; 0x8038ea <ledStrip+0x5>
     25a:	b0 e0       	ldi	r27, 0x00	; 0
     25c:	a0 e0       	ldi	r26, 0x00	; 0
show():
/home/david/.arduino15/packages/megaTinyCore/hardware/megaavr/2.6.11/libraries/tinyNeoPixel_Static/tinyNeoPixel_Static.cpp:104
  // put a delay at the end of the function, the ending time is noted and
  // the function will simply hold off (if needed) on issuing the
  // subsequent round of data until the latch time has elapsed.  This
  // allows the mainline code to start generating the next frame of data
  // rather than stalling for the latch.
  while (!canShow());
     25e:	48 17       	cp	r20, r24
     260:	59 07       	cpc	r21, r25
     262:	6a 07       	cpc	r22, r26
     264:	7b 07       	cpc	r23, r27
     266:	30 f3       	brcs	.-52     	; 0x234 <tinyNeoPixel::show() [clone .constprop.14]+0x36>
/home/david/.arduino15/packages/megaTinyCore/hardware/megaavr/2.6.11/libraries/tinyNeoPixel_Static/tinyNeoPixel_Static.cpp:155
  //   * b (bit number for speeds that don't have to unroll the loop)
  //     is given constraint "+r", which can assign it to any register.
  //     But the code uses LDI on it. LDI doesn't work on every register,
  //     it must have the "+d" constraint to guarantee an upper register.

  noInterrupts(); // Need 100% focus on instruction timing
     268:	f8 94       	cli
/home/david/.arduino15/packages/megaTinyCore/hardware/megaavr/2.6.11/libraries/tinyNeoPixel_Static/tinyNeoPixel_Static.cpp:166
  // run at those speeds, only that - if they do - you can control WS2812s
  // with them.


  volatile uint8_t
   *ptr = pixels,   // Pointer to next byte
     26a:	a0 91 ed 38 	lds	r26, 0x38ED	; 0x8038ed <ledStrip+0x8>
     26e:	b0 91 ee 38 	lds	r27, 0x38EE	; 0x8038ee <ledStrip+0x9>
/home/david/.arduino15/packages/megaTinyCore/hardware/megaavr/2.6.11/libraries/tinyNeoPixel_Static/tinyNeoPixel_Static.cpp:167
    b   = *ptr++,   // Current byte value
     272:	fd 01       	movw	r30, r26
     274:	31 96       	adiw	r30, 0x01	; 1
     276:	8c 91       	ld	r24, X
     278:	8f 83       	std	Y+7, r24	; 0x07
/home/david/.arduino15/packages/megaTinyCore/hardware/megaavr/2.6.11/libraries/tinyNeoPixel_Static/tinyNeoPixel_Static.cpp:690
    // 25 inst. clocks per bit: HHHHHHHxxxxxxxLLLLLLLLLLL      H:7 x:7 L11
    // ST instructions:         ^      ^      ^       (T=0,7,14)

    volatile uint8_t next, bit;

    hi   = *port |  pinMask;
     27a:	a0 91 f7 38 	lds	r26, 0x38F7	; 0x8038f7 <ledStrip+0x12>
     27e:	b0 91 f8 38 	lds	r27, 0x38F8	; 0x8038f8 <ledStrip+0x13>
     282:	9c 91       	ld	r25, X
     284:	80 91 f9 38 	lds	r24, 0x38F9	; 0x8038f9 <ledStrip+0x14>
     288:	98 2b       	or	r25, r24
     28a:	9e 83       	std	Y+6, r25	; 0x06
/home/david/.arduino15/packages/megaTinyCore/hardware/megaavr/2.6.11/libraries/tinyNeoPixel_Static/tinyNeoPixel_Static.cpp:691
    lo   = *port & ~pinMask;
     28c:	9c 91       	ld	r25, X
     28e:	80 95       	com	r24
     290:	89 23       	and	r24, r25
     292:	8d 83       	std	Y+5, r24	; 0x05
/home/david/.arduino15/packages/megaTinyCore/hardware/megaavr/2.6.11/libraries/tinyNeoPixel_Static/tinyNeoPixel_Static.cpp:692
    next = lo;
     294:	8d 81       	ldd	r24, Y+5	; 0x05
     296:	8c 83       	std	Y+4, r24	; 0x04
/home/david/.arduino15/packages/megaTinyCore/hardware/megaavr/2.6.11/libraries/tinyNeoPixel_Static/tinyNeoPixel_Static.cpp:693
    bit  = 8;
     298:	88 e0       	ldi	r24, 0x08	; 8
     29a:	8b 83       	std	Y+3, r24	; 0x03
/home/david/.arduino15/packages/megaTinyCore/hardware/megaavr/2.6.11/libraries/tinyNeoPixel_Static/tinyNeoPixel_Static.cpp:732
      [bit]   "+d" (bit),
      [next]  "+r" (next),
      [count] "+w" (i)
    : [port]   "e" (port),
      [hi]     "r" (hi),
      [lo]     "r" (lo));
     29c:	5e 81       	ldd	r21, Y+6	; 0x06
     29e:	6d 81       	ldd	r22, Y+5	; 0x05
     2a0:	4f 81       	ldd	r20, Y+7	; 0x07
     2a2:	3b 81       	ldd	r19, Y+3	; 0x03
     2a4:	2c 81       	ldd	r18, Y+4	; 0x04
     2a6:	89 81       	ldd	r24, Y+1	; 0x01
     2a8:	9a 81       	ldd	r25, Y+2	; 0x02

000002aa <_head20>:
     2aa:	5c 93       	st	X, r21
     2ac:	47 fd       	sbrc	r20, 7
     2ae:	25 2f       	mov	r18, r21
     2b0:	3a 95       	dec	r19
     2b2:	00 00       	nop
     2b4:	00 c0       	rjmp	.+0      	; 0x2b6 <_head20+0xc>
     2b6:	2c 93       	st	X, r18
     2b8:	26 2f       	mov	r18, r22
     2ba:	41 f0       	breq	.+16     	; 0x2cc <_nextbyte20>
     2bc:	44 1f       	adc	r20, r20
     2be:	00 c0       	rjmp	.+0      	; 0x2c0 <_head20+0x16>
     2c0:	00 00       	nop
     2c2:	6c 93       	st	X, r22
     2c4:	01 d0       	rcall	.+2      	; 0x2c8 <_onlydelay20>
     2c6:	f1 cf       	rjmp	.-30     	; 0x2aa <_head20>

000002c8 <_onlydelay20>:
     2c8:	00 c0       	rjmp	.+0      	; 0x2ca <_onlydelay20+0x2>
     2ca:	08 95       	ret

000002cc <_nextbyte20>:
     2cc:	38 e0       	ldi	r19, 0x08	; 8
     2ce:	41 91       	ld	r20, Z+
     2d0:	00 00       	nop
     2d2:	6c 93       	st	X, r22
     2d4:	00 00       	nop
     2d6:	00 c0       	rjmp	.+0      	; 0x2d8 <_nextbyte20+0xc>
     2d8:	00 c0       	rjmp	.+0      	; 0x2da <_nextbyte20+0xe>
     2da:	01 97       	sbiw	r24, 0x01	; 1
     2dc:	31 f7       	brne	.-52     	; 0x2aa <_head20>
     2de:	4f 83       	std	Y+7, r20	; 0x07
     2e0:	3b 83       	std	Y+3, r19	; 0x03
     2e2:	2c 83       	std	Y+4, r18	; 0x04
     2e4:	89 83       	std	Y+1, r24	; 0x01
     2e6:	9a 83       	std	Y+2, r25	; 0x02
/home/david/.arduino15/packages/megaTinyCore/hardware/megaavr/2.6.11/libraries/tinyNeoPixel_Static/tinyNeoPixel_Static.cpp:1074



  interrupts();
  #if (defined(micros))
    endTime = micros();
     2e8:	78 94       	sei
     2ea:	38 df       	rcall	.-400    	; 0x15c <micros>
     2ec:	60 93 f3 38 	sts	0x38F3, r22	; 0x8038f3 <ledStrip+0xe>
     2f0:	70 93 f4 38 	sts	0x38F4, r23	; 0x8038f4 <ledStrip+0xf>
     2f4:	80 93 f5 38 	sts	0x38F5, r24	; 0x8038f5 <ledStrip+0x10>
     2f8:	90 93 f6 38 	sts	0x38F6, r25	; 0x8038f6 <ledStrip+0x11>
_ZN12tinyNeoPixel4showEv.constprop.14():
/home/david/.arduino15/packages/megaTinyCore/hardware/megaavr/2.6.11/libraries/tinyNeoPixel_Static/tinyNeoPixel_Static.cpp:81
// *INDENT-OFF*   astyle don't like assembly
#if (PROGMEM_SIZE > 4096UL)

void tinyNeoPixel::show(void) {
  show(0);
}
     2fc:	27 96       	adiw	r28, 0x07	; 7
     2fe:	cd bf       	out	0x3d, r28	; 61
     300:	de bf       	out	0x3e, r29	; 62
     302:	df 91       	pop	r29
     304:	cf 91       	pop	r28
     306:	1f 91       	pop	r17
     308:	0f 91       	pop	r16
     30a:	08 95       	ret

0000030c <delay>:
delay():
/home/david/.arduino15/packages/megaTinyCore/hardware/megaavr/2.6.11/cores/megatinycore/wiring.c:233
        _delay_ms(1);
      }
    }
  }
#elif (PROGMEM_SIZE >= 16384 && !defined(MILLIS_USE_TIMERRTC))
  void delay(uint32_t ms) { /* Interrupts will not prolong this less flash-efficient delay */
     30c:	cf 92       	push	r12
     30e:	df 92       	push	r13
     310:	ef 92       	push	r14
     312:	ff 92       	push	r15
     314:	cf 93       	push	r28
     316:	df 93       	push	r29
     318:	6b 01       	movw	r12, r22
/home/david/.arduino15/packages/megaTinyCore/hardware/megaavr/2.6.11/cores/megatinycore/wiring.c:234
    uint16_t start = (uint16_t) micros();
     31a:	7c 01       	movw	r14, r24
     31c:	1f df       	rcall	.-450    	; 0x15c <micros>
/home/david/.arduino15/packages/megaTinyCore/hardware/megaavr/2.6.11/cores/megatinycore/wiring.c:236
    while (ms > 0) {
      while (((uint16_t) micros() - start) >= 1000 && ms) {
     31e:	eb 01       	movw	r28, r22
     320:	1d df       	rcall	.-454    	; 0x15c <micros>
     322:	6c 1b       	sub	r22, r28
     324:	7d 0b       	sbc	r23, r29
     326:	68 3e       	cpi	r22, 0xE8	; 232
     328:	73 40       	sbci	r23, 0x03	; 3
     32a:	a0 f0       	brcs	.+40     	; 0x354 <delay+0x48>
     32c:	c1 14       	cp	r12, r1
     32e:	d1 04       	cpc	r13, r1
     330:	e1 04       	cpc	r14, r1
     332:	f1 04       	cpc	r15, r1
     334:	39 f4       	brne	.+14     	; 0x344 <delay+0x38>
/home/david/.arduino15/packages/megaTinyCore/hardware/megaavr/2.6.11/cores/megatinycore/wiring.c:241
        ms-- ;
        start += 1000;
      }
    }
  }
     336:	df 91       	pop	r29
     338:	cf 91       	pop	r28
     33a:	ff 90       	pop	r15
     33c:	ef 90       	pop	r14
     33e:	df 90       	pop	r13
     340:	cf 90       	pop	r12
     342:	08 95       	ret
/home/david/.arduino15/packages/megaTinyCore/hardware/megaavr/2.6.11/cores/megatinycore/wiring.c:237
#elif (PROGMEM_SIZE >= 16384 && !defined(MILLIS_USE_TIMERRTC))
  void delay(uint32_t ms) { /* Interrupts will not prolong this less flash-efficient delay */
    uint16_t start = (uint16_t) micros();
    while (ms > 0) {
      while (((uint16_t) micros() - start) >= 1000 && ms) {
        ms-- ;
     344:	81 e0       	ldi	r24, 0x01	; 1
     346:	c8 1a       	sub	r12, r24
     348:	d1 08       	sbc	r13, r1
     34a:	e1 08       	sbc	r14, r1
     34c:	f1 08       	sbc	r15, r1
/home/david/.arduino15/packages/megaTinyCore/hardware/megaavr/2.6.11/cores/megatinycore/wiring.c:238
        start += 1000;
     34e:	c8 51       	subi	r28, 0x18	; 24
     350:	dc 4f       	sbci	r29, 0xFC	; 252
     352:	e6 cf       	rjmp	.-52     	; 0x320 <delay+0x14>
/home/david/.arduino15/packages/megaTinyCore/hardware/megaavr/2.6.11/cores/megatinycore/wiring.c:235
    }
  }
#elif (PROGMEM_SIZE >= 16384 && !defined(MILLIS_USE_TIMERRTC))
  void delay(uint32_t ms) { /* Interrupts will not prolong this less flash-efficient delay */
    uint16_t start = (uint16_t) micros();
    while (ms > 0) {
     354:	c1 14       	cp	r12, r1
     356:	d1 04       	cpc	r13, r1
     358:	e1 04       	cpc	r14, r1
     35a:	f1 04       	cpc	r15, r1
     35c:	09 f7       	brne	.-62     	; 0x320 <delay+0x14>
     35e:	eb cf       	rjmp	.-42     	; 0x336 <delay+0x2a>

00000360 <ptc_start_conversion>:
ptc_start_conversion():
/home/david/Arduino/libraries/ptc_touch/src/ptc_touch.c:869
    ptc_start_conversion(firstNode);
  }
#endif
}

void ptc_start_conversion (cap_sensor_t* node) {
     360:	cf 93       	push	r28
     362:	df 93       	push	r29
     364:	fc 01       	movw	r30, r24
/home/david/Arduino/libraries/ptc_touch/src/ptc_touch.c:876
    if (NULL == node) {
      PTC.INTCTRL = 0;    // disable ISR for ADC reuse
      ptc_lib_state = PTC_LIB_CONV_COMPL;
      return;
    }
    if ((0 == node->state.disabled) && (node->type == currConvType)) {
     366:	80 91 3b 38 	lds	r24, 0x383B	; 0x80383b <currConvType>
     36a:	90 91 3c 38 	lds	r25, 0x383C	; 0x80383c <currConvType+0x1>
/home/david/Arduino/libraries/ptc_touch/src/ptc_touch.c:871
#endif
}

void ptc_start_conversion (cap_sensor_t* node) {
  while (1) {
    if (NULL == node) {
     36e:	30 97       	sbiw	r30, 0x00	; 0
     370:	59 f4       	brne	.+22     	; 0x388 <ptc_start_conversion+0x28>
/home/david/Arduino/libraries/ptc_touch/src/ptc_touch.c:872
      PTC.INTCTRL = 0;    // disable ISR for ADC reuse
     372:	10 92 0a 06 	sts	0x060A, r1	; 0x80060a <digital_pin_to_bit_mask+0x7f7248>
/home/david/Arduino/libraries/ptc_touch/src/ptc_touch.c:873
      ptc_lib_state = PTC_LIB_CONV_COMPL;
     376:	82 e0       	ldi	r24, 0x02	; 2
     378:	90 e0       	ldi	r25, 0x00	; 0
     37a:	80 93 3d 38 	sts	0x383D, r24	; 0x80383d <ptc_lib_state>
     37e:	90 93 3e 38 	sts	0x383E, r25	; 0x80383e <ptc_lib_state+0x1>
/home/david/Arduino/libraries/ptc_touch/src/ptc_touch.c:886
  }

  currConvNode = node;

  ptc_set_registers(node);
}
     382:	df 91       	pop	r29
     384:	cf 91       	pop	r28
     386:	08 95       	ret
/home/david/Arduino/libraries/ptc_touch/src/ptc_touch.c:876
    if (NULL == node) {
      PTC.INTCTRL = 0;    // disable ISR for ADC reuse
      ptc_lib_state = PTC_LIB_CONV_COMPL;
      return;
    }
    if ((0 == node->state.disabled) && (node->type == currConvType)) {
     388:	26 85       	ldd	r18, Z+14	; 0x0e
     38a:	24 fd       	sbrc	r18, 4
     38c:	05 c0       	rjmp	.+10     	; 0x398 <ptc_start_conversion+0x38>
     38e:	22 81       	ldd	r18, Z+2	; 0x02
     390:	33 81       	ldd	r19, Z+3	; 0x03
     392:	28 17       	cp	r18, r24
     394:	39 07       	cpc	r19, r25
     396:	21 f0       	breq	.+8      	; 0x3a0 <ptc_start_conversion+0x40>
/home/david/Arduino/libraries/ptc_touch/src/ptc_touch.c:879
      break;
    } else {
      node = node->nextNode;
     398:	01 90       	ld	r0, Z+
     39a:	f0 81       	ld	r31, Z
     39c:	e0 2d       	mov	r30, r0
     39e:	e7 cf       	rjmp	.-50     	; 0x36e <ptc_start_conversion+0xe>
/home/david/Arduino/libraries/ptc_touch/src/ptc_touch.c:883
    }
  }

  currConvNode = node;
     3a0:	e0 93 3f 38 	sts	0x383F, r30	; 0x80383f <currConvNode>
     3a4:	f0 93 40 38 	sts	0x3840, r31	; 0x803840 <currConvNode+0x1>
ptc_set_registers():
/home/david/Arduino/libraries/ptc_touch/src/ptc_touch.c:891
}

void ptc_set_registers(cap_sensor_t* node) {
  PTC_t *pPTC;
  _fastPtr_d(node,node);  // Sometimes it takes the compiler a bit more of convincing...
  _fastPtr_d(pPTC,&PTC);
     3a8:	c0 e0       	ldi	r28, 0x00	; 0
     3aa:	d6 e0       	ldi	r29, 0x06	; 6
/home/david/Arduino/libraries/ptc_touch/src/ptc_touch.c:893

  if (NULL == node)
     3ac:	30 97       	sbiw	r30, 0x00	; 0
     3ae:	49 f3       	breq	.-46     	; 0x382 <ptc_start_conversion+0x22>
/home/david/Arduino/libraries/ptc_touch/src/ptc_touch.c:897
    return;
  
  uint8_t analogGain = 0x3F;
  if ((node->state.disabled == 0) && (node->stateMachine != PTC_SM_NOINIT_CAL)) {
     3b0:	46 85       	ldd	r20, Z+14	; 0x0e
     3b2:	94 85       	ldd	r25, Z+12	; 0x0c
     3b4:	44 fd       	sbrc	r20, 4
     3b6:	32 c0       	rjmp	.+100    	; 0x41c <__LOCK_REGION_LENGTH__+0x1c>
     3b8:	87 89       	ldd	r24, Z+23	; 0x17
     3ba:	88 23       	and	r24, r24
     3bc:	79 f1       	breq	.+94     	; 0x41c <__LOCK_REGION_LENGTH__+0x1c>
/home/david/Arduino/libraries/ptc_touch/src/ptc_touch.c:898
    uint8_t lut_index = node->hw_a_d_gain / 16;  // A little workaround as >> 4 is kinda broken sometimes.
     3be:	a9 2f       	mov	r26, r25
     3c0:	a2 95       	swap	r26
     3c2:	af 70       	andi	r26, 0x0F	; 15
/home/david/Arduino/libraries/ptc_touch/src/ptc_touch.c:899
    analogGain = ptc_a_gain_lut[lut_index];
     3c4:	b0 e0       	ldi	r27, 0x00	; 0
     3c6:	a0 5a       	subi	r26, 0xA0	; 160
     3c8:	bc 46       	sbci	r27, 0x6C	; 108
     3ca:	2c 91       	ld	r18, X
/home/david/Arduino/libraries/ptc_touch/src/ptc_touch.c:902
  }

  uint8_t chargeDelay = node->hw_csd;
     3cc:	85 85       	ldd	r24, Z+13	; 0x0d
/home/david/Arduino/libraries/ptc_touch/src/ptc_touch.c:903
  if (chargeDelay < 0x1B) {
     3ce:	8b 31       	cpi	r24, 0x1B	; 27
     3d0:	38 f5       	brcc	.+78     	; 0x420 <__LOCK_REGION_LENGTH__+0x20>
/home/david/Arduino/libraries/ptc_touch/src/ptc_touch.c:904
    chargeDelay += 4;
     3d2:	8c 5f       	subi	r24, 0xFC	; 252
/home/david/Arduino/libraries/ptc_touch/src/ptc_touch.c:910
  } else {
    chargeDelay = 0x1F;
  }
  
  #if defined (__PTC_Tiny__)
    pPTC->YBM  = node->hw_yCh_bm;
     3d4:	67 81       	ldd	r22, Z+7	; 0x07
     3d6:	70 85       	ldd	r23, Z+8	; 0x08
     3d8:	6a a7       	std	Y+42, r22	; 0x2a
     3da:	7b a7       	std	Y+43, r23	; 0x2b
/home/david/Arduino/libraries/ptc_touch/src/ptc_touch.c:911
    pPTC->XBM  = node->hw_xCh_bm;
     3dc:	65 81       	ldd	r22, Z+5	; 0x05
     3de:	76 81       	ldd	r23, Z+6	; 0x06
     3e0:	6e a3       	std	Y+38, r22	; 0x26
     3e2:	7f a3       	std	Y+39, r23	; 0x27
/home/david/Arduino/libraries/ptc_touch/src/ptc_touch.c:912
    pPTC->COMP = node->hw_compCaps;
     3e4:	61 85       	ldd	r22, Z+9	; 0x09
     3e6:	72 85       	ldd	r23, Z+10	; 0x0a
     3e8:	6a 8f       	std	Y+26, r22	; 0x1a
     3ea:	7b 8f       	std	Y+27, r23	; 0x1b
/home/david/Arduino/libraries/ptc_touch/src/ptc_touch.c:913
    pPTC->AGAIN = analogGain;
     3ec:	2c 8f       	std	Y+28, r18	; 0x1c
/home/david/Arduino/libraries/ptc_touch/src/ptc_touch.c:914
    pPTC->SAMPCTRL = chargeDelay;
     3ee:	8d 83       	std	Y+5, r24	; 0x05
/home/david/Arduino/libraries/ptc_touch/src/ptc_touch.c:915
    pPTC->CTRLB = node->hw_a_d_gain & 0x0F;
     3f0:	9f 70       	andi	r25, 0x0F	; 15
     3f2:	99 83       	std	Y+1, r25	; 0x01
/home/david/Arduino/libraries/ptc_touch/src/ptc_touch.c:916
    pPTC->RES = node->hw_rsel_presc / 16;
     3f4:	83 85       	ldd	r24, Z+11	; 0x0b
     3f6:	28 2f       	mov	r18, r24
     3f8:	22 95       	swap	r18
     3fa:	2f 70       	andi	r18, 0x0F	; 15
     3fc:	30 e0       	ldi	r19, 0x00	; 0
     3fe:	28 8b       	std	Y+16, r18	; 0x10
     400:	39 8b       	std	Y+17, r19	; 0x11
/home/david/Arduino/libraries/ptc_touch/src/ptc_touch.c:917
    pPTC->CTRLC = (node->hw_rsel_presc & 0x0F) | ADC_REFSEL_VDDREF_gc;
     402:	8f 70       	andi	r24, 0x0F	; 15
     404:	80 61       	ori	r24, 0x10	; 16
     406:	8a 83       	std	Y+2, r24	; 0x02
/home/david/Arduino/libraries/ptc_touch/src/ptc_touch.c:918
    pPTC->CTRLP |= 0x03;
     408:	88 8d       	ldd	r24, Y+24	; 0x18
     40a:	83 60       	ori	r24, 0x03	; 3
     40c:	88 8f       	std	Y+24, r24	; 0x18
/home/david/Arduino/libraries/ptc_touch/src/ptc_touch.c:919
    pPTC->CTRLA = ADC_RUNSTBY_bm | ADC_ENABLE_bm; /* 0x81 */
     40e:	81 e8       	ldi	r24, 0x81	; 129
     410:	88 83       	st	Y, r24
/home/david/Arduino/libraries/ptc_touch/src/ptc_touch.c:922

    if (0 == node->state.low_power) 
      pPTC->COMMAND = 0x01; // Normal opertion: Manual Start
     412:	81 e0       	ldi	r24, 0x01	; 1
/home/david/Arduino/libraries/ptc_touch/src/ptc_touch.c:921
    pPTC->RES = node->hw_rsel_presc / 16;
    pPTC->CTRLC = (node->hw_rsel_presc & 0x0F) | ADC_REFSEL_VDDREF_gc;
    pPTC->CTRLP |= 0x03;
    pPTC->CTRLA = ADC_RUNSTBY_bm | ADC_ENABLE_bm; /* 0x81 */

    if (0 == node->state.low_power) 
     414:	42 fd       	sbrc	r20, 2
     416:	06 c0       	rjmp	.+12     	; 0x424 <__LOCK_REGION_LENGTH__+0x24>
/home/david/Arduino/libraries/ptc_touch/src/ptc_touch.c:922
      pPTC->COMMAND = 0x01; // Normal opertion: Manual Start
     418:	88 87       	std	Y+8, r24	; 0x08
     41a:	b3 cf       	rjmp	.-154    	; 0x382 <ptc_start_conversion+0x22>
ptc_start_conversion():
/home/david/Arduino/libraries/ptc_touch/src/ptc_touch.c:896
  _fastPtr_d(pPTC,&PTC);

  if (NULL == node)
    return;
  
  uint8_t analogGain = 0x3F;
     41c:	2f e3       	ldi	r18, 0x3F	; 63
     41e:	d6 cf       	rjmp	.-84     	; 0x3cc <ptc_start_conversion+0x6c>
/home/david/Arduino/libraries/ptc_touch/src/ptc_touch.c:906

  uint8_t chargeDelay = node->hw_csd;
  if (chargeDelay < 0x1B) {
    chargeDelay += 4;
  } else {
    chargeDelay = 0x1F;
     420:	8f e1       	ldi	r24, 0x1F	; 31
     422:	d8 cf       	rjmp	.-80     	; 0x3d4 <ptc_start_conversion+0x74>
ptc_set_registers():
/home/david/Arduino/libraries/ptc_touch/src/ptc_touch.c:924
    pPTC->CTRLA = ADC_RUNSTBY_bm | ADC_ENABLE_bm; /* 0x81 */

    if (0 == node->state.low_power) 
      pPTC->COMMAND = 0x01; // Normal opertion: Manual Start
    else 
      pPTC->EVCTRL = 0x01;  // Low Power: Start by positive Flank on Event
     424:	89 87       	std	Y+9, r24	; 0x09
     426:	ad cf       	rjmp	.-166    	; 0x382 <ptc_start_conversion+0x22>

00000428 <ptc_process_measurement>:
ptc_process_measurement():
/home/david/Arduino/libraries/ptc_touch/src/ptc_touch.c:475


/*
 * Internal functions only below. Not part of the API
 */
void ptc_process_measurement (cap_sensor_t* node) {
     428:	1f 93       	push	r17
     42a:	cf 93       	push	r28
     42c:	df 93       	push	r29
     42e:	fc 01       	movw	r30, r24
/home/david/Arduino/libraries/ptc_touch/src/ptc_touch.c:476
  if (node->state.error)
     430:	86 85       	ldd	r24, Z+14	; 0x0e
     432:	80 fd       	sbrc	r24, 0
     434:	9e c0       	rjmp	.+316    	; 0x572 <ptc_process_measurement+0x14a>
/home/david/Arduino/libraries/ptc_touch/src/ptc_touch.c:479
    return;

  if (node->state.data_ready != 0) {
     436:	83 ff       	sbrs	r24, 3
     438:	9c c0       	rjmp	.+312    	; 0x572 <ptc_process_measurement+0x14a>
/home/david/Arduino/libraries/ptc_touch/src/ptc_touch.c:480
    node->state.data_ready = 0;
     43a:	87 7f       	andi	r24, 0xF7	; 247
     43c:	86 87       	std	Z+14, r24	; 0x0e
ptc_process_node_sm():
/home/david/Arduino/libraries/ptc_touch/src/ptc_touch.c:488
  }
}


void ptc_process_node_sm (cap_sensor_t* node) {
  uint16_t nodeData   = node->sensorData;
     43e:	c7 85       	ldd	r28, Z+15	; 0x0f
     440:	d0 89       	ldd	r29, Z+16	; 0x10
/home/david/Arduino/libraries/ptc_touch/src/ptc_touch.c:489
  uint8_t  nodeSM     = node->stateMachine;
     442:	97 89       	ldd	r25, Z+23	; 0x17
/home/david/Arduino/libraries/ptc_touch/src/ptc_touch.c:490
  uint8_t  lastChange = node->lastStateChange;
     444:	70 8d       	ldd	r23, Z+24	; 0x18
/home/david/Arduino/libraries/ptc_touch/src/ptc_touch.c:494
  uint16_t reference  = node->reference;
   int16_t nodeDelta  = nodeData - reference;

  if (nodeSM == PTC_SM_NOINIT_CAL) {         /* Beginning here */
     446:	91 11       	cpse	r25, r1
     448:	98 c0       	rjmp	.+304    	; 0x57a <ptc_process_measurement+0x152>
ptc_process_calibrate():
/home/david/Arduino/libraries/ptc_touch/src/ptc_touch.c:624

uint8_t ptc_process_calibrate (cap_sensor_t* node) {
  uint16_t rawData = node->sensorData;
  
  #if defined(__PTC_Tiny__)
    uint16_t compensation = node->hw_compCaps;
     44a:	11 85       	ldd	r17, Z+9	; 0x09
     44c:	32 85       	ldd	r19, Z+10	; 0x0a
/home/david/Arduino/libraries/ptc_touch/src/ptc_touch.c:628
    uint8_t cc_accurate =             compensation        & 0x0F;
    uint8_t cc_fine =      ((uint8_t) compensation >> 4)  & 0x0F;
    uint8_t cc_coarse =     (uint8_t)(compensation >> 8)  & 0x0F;
    uint8_t cc_add_rough =  (uint8_t)(compensation >> 8)  & 0xC0;
     44e:	63 2f       	mov	r22, r19
     450:	60 7c       	andi	r22, 0xC0	; 192
/home/david/Arduino/libraries/ptc_touch/src/ptc_touch.c:635

    //uint8_t err = 0;

    int8_t dirOvf;
    int8_t dir;
    if (rawData > 0x0200) {
     452:	c1 30       	cpi	r28, 0x01	; 1
     454:	22 e0       	ldi	r18, 0x02	; 2
     456:	d2 07       	cpc	r29, r18
     458:	18 f1       	brcs	.+70     	; 0x4a0 <ptc_process_measurement+0x78>
/home/david/Arduino/libraries/ptc_touch/src/ptc_touch.c:636
      rawData = rawData - 0x1FF;
     45a:	ce 01       	movw	r24, r28
     45c:	8f 5f       	subi	r24, 0xFF	; 255
     45e:	91 40       	sbci	r25, 0x01	; 1
/home/david/Arduino/libraries/ptc_touch/src/ptc_touch.c:637
      if (rawData < 10) {
     460:	8a 30       	cpi	r24, 0x0A	; 10
     462:	91 05       	cpc	r25, r1
     464:	08 f4       	brcc	.+2      	; 0x468 <ptc_process_measurement+0x40>
     466:	79 c0       	rjmp	.+242    	; 0x55a <ptc_process_measurement+0x132>
/home/david/Arduino/libraries/ptc_touch/src/ptc_touch.c:641
        return PTC_LIB_CALIB_DONE;
      }

      if (node->type & NODE_MUTUAL_bm){
     468:	22 81       	ldd	r18, Z+2	; 0x02
     46a:	20 ff       	sbrs	r18, 0
     46c:	05 c0       	rjmp	.+10     	; 0x478 <ptc_process_measurement+0x50>
/home/david/Arduino/libraries/ptc_touch/src/ptc_touch.c:644
        dir = -1;
        dirOvf = -6;
        rawData /= 2;
     46e:	96 95       	lsr	r25
     470:	87 95       	ror	r24
ptc_process_measurement():
/home/david/Arduino/libraries/ptc_touch/src/ptc_touch.c:666
      if (node->type & NODE_MUTUAL_bm){
        dir = 1;
        dirOvf = 6;
        rawData /= 2;
      } else {
        dir = -1;
     472:	5f ef       	ldi	r21, 0xFF	; 255
/home/david/Arduino/libraries/ptc_touch/src/ptc_touch.c:667
        dirOvf = -6;
     474:	ba ef       	ldi	r27, 0xFA	; 250
     476:	0a c0       	rjmp	.+20     	; 0x48c <ptc_process_measurement+0x64>
ptc_process_calibrate():
/home/david/Arduino/libraries/ptc_touch/src/ptc_touch.c:648
        dirOvf = -6;
        rawData /= 2;
      } else {
        dir = 1;
        dirOvf = 6;
        if (rawData > 0x0100) {
     478:	81 30       	cpi	r24, 0x01	; 1
     47a:	21 e0       	ldi	r18, 0x01	; 1
     47c:	92 07       	cpc	r25, r18
     47e:	20 f0       	brcs	.+8      	; 0x488 <ptc_process_measurement+0x60>
/home/david/Arduino/libraries/ptc_touch/src/ptc_touch.c:650
          if (cc_add_rough <= 0xC0) {
            cc_add_rough = (cc_add_rough + 0x40);
     480:	60 5c       	subi	r22, 0xC0	; 192
/home/david/Arduino/libraries/ptc_touch/src/ptc_touch.c:651
            rawData -= 0xF0;
     482:	ce 01       	movw	r24, r28
     484:	8f 5e       	subi	r24, 0xEF	; 239
     486:	92 40       	sbci	r25, 0x02	; 2
ptc_process_measurement():
/home/david/Arduino/libraries/ptc_touch/src/ptc_touch.c:646
      if (node->type & NODE_MUTUAL_bm){
        dir = -1;
        dirOvf = -6;
        rawData /= 2;
      } else {
        dir = 1;
     488:	51 e0       	ldi	r21, 0x01	; 1
/home/david/Arduino/libraries/ptc_touch/src/ptc_touch.c:647
        dirOvf = 6;
     48a:	b6 e0       	ldi	r27, 0x06	; 6
ptc_process_calibrate():
/home/david/Arduino/libraries/ptc_touch/src/ptc_touch.c:626
  uint16_t rawData = node->sensorData;
  
  #if defined(__PTC_Tiny__)
    uint16_t compensation = node->hw_compCaps;
    uint8_t cc_accurate =             compensation        & 0x0F;
    uint8_t cc_fine =      ((uint8_t) compensation >> 4)  & 0x0F;
     48c:	a1 2f       	mov	r26, r17
     48e:	a2 95       	swap	r26
     490:	af 70       	andi	r26, 0x0F	; 15
/home/david/Arduino/libraries/ptc_touch/src/ptc_touch.c:627
    uint8_t cc_coarse =     (uint8_t)(compensation >> 8)  & 0x0F;
     492:	43 2f       	mov	r20, r19
     494:	4f 70       	andi	r20, 0x0F	; 15
/home/david/Arduino/libraries/ptc_touch/src/ptc_touch.c:629
    uint8_t cc_add_rough =  (uint8_t)(compensation >> 8)  & 0xC0;
    uint8_t cc_rough  =     (uint8_t)(compensation >> 12) & 0x03;
     496:	32 95       	swap	r19
     498:	3f 70       	andi	r19, 0x0F	; 15
     49a:	23 2f       	mov	r18, r19
     49c:	23 70       	andi	r18, 0x03	; 3
     49e:	3a c0       	rjmp	.+116    	; 0x514 <ptc_process_measurement+0xec>
/home/david/Arduino/libraries/ptc_touch/src/ptc_touch.c:656
            rawData -= 0xF0;
          }
        }
      }
    } else {
      rawData = 0x1FF - rawData;
     4a0:	8f ef       	ldi	r24, 0xFF	; 255
     4a2:	91 e0       	ldi	r25, 0x01	; 1
     4a4:	8c 1b       	sub	r24, r28
     4a6:	9d 0b       	sbc	r25, r29
/home/david/Arduino/libraries/ptc_touch/src/ptc_touch.c:657
      if (rawData < 10) {
     4a8:	8a 30       	cpi	r24, 0x0A	; 10
     4aa:	91 05       	cpc	r25, r1
     4ac:	08 f4       	brcc	.+2      	; 0x4b0 <ptc_process_measurement+0x88>
     4ae:	55 c0       	rjmp	.+170    	; 0x55a <ptc_process_measurement+0x132>
/home/david/Arduino/libraries/ptc_touch/src/ptc_touch.c:661
        return PTC_LIB_CALIB_DONE;
      }

      if (node->type & NODE_MUTUAL_bm){
     4b0:	22 81       	ldd	r18, Z+2	; 0x02
     4b2:	20 ff       	sbrs	r18, 0
     4b4:	03 c0       	rjmp	.+6      	; 0x4bc <ptc_process_measurement+0x94>
/home/david/Arduino/libraries/ptc_touch/src/ptc_touch.c:664
        dir = 1;
        dirOvf = 6;
        rawData /= 2;
     4b6:	96 95       	lsr	r25
     4b8:	87 95       	ror	r24
     4ba:	e6 cf       	rjmp	.-52     	; 0x488 <ptc_process_measurement+0x60>
/home/david/Arduino/libraries/ptc_touch/src/ptc_touch.c:668
      } else {
        dir = -1;
        dirOvf = -6;
        if (rawData > 0x0100) {
     4bc:	81 30       	cpi	r24, 0x01	; 1
     4be:	21 e0       	ldi	r18, 0x01	; 1
     4c0:	92 07       	cpc	r25, r18
     4c2:	b8 f2       	brcs	.-82     	; 0x472 <ptc_process_measurement+0x4a>
/home/david/Arduino/libraries/ptc_touch/src/ptc_touch.c:669
          if (cc_add_rough >= 0x40) {
     4c4:	60 34       	cpi	r22, 0x40	; 64
     4c6:	a8 f2       	brcs	.-86     	; 0x472 <ptc_process_measurement+0x4a>
/home/david/Arduino/libraries/ptc_touch/src/ptc_touch.c:670
            cc_add_rough = (cc_add_rough - 0x40);
     4c8:	60 54       	subi	r22, 0x40	; 64
/home/david/Arduino/libraries/ptc_touch/src/ptc_touch.c:671
            rawData -= 0xF0;
     4ca:	8f e0       	ldi	r24, 0x0F	; 15
     4cc:	91 e0       	ldi	r25, 0x01	; 1
     4ce:	8c 1b       	sub	r24, r28
     4d0:	9d 0b       	sbc	r25, r29
     4d2:	cf cf       	rjmp	.-98     	; 0x472 <ptc_process_measurement+0x4a>
/home/david/Arduino/libraries/ptc_touch/src/ptc_touch.c:679
      }
    }

    while (rawData > 0x0001) {
      while (rawData > 0x00CF) {
        cc_rough += dir;            // this algorithm thakes advantage of intger underflow
     4d4:	35 2f       	mov	r19, r21
     4d6:	32 0f       	add	r19, r18
/home/david/Arduino/libraries/ptc_touch/src/ptc_touch.c:680
        if (cc_rough > 0x03) {      // by checking against >0x03, we can also check for 0xFF aka -1
     4d8:	34 30       	cpi	r19, 0x04	; 4
     4da:	30 f4       	brcc	.+12     	; 0x4e8 <ptc_process_measurement+0xc0>
/home/david/Arduino/libraries/ptc_touch/src/ptc_touch.c:684
          cc_rough -= dir;          // thus saving some flash. +/-1 can be made in one insn
          break;                    // by using sub reg with 0xFF or 0x01 in a reg respectively
        }
        rawData -= 0xCF;
     4dc:	8f 5c       	subi	r24, 0xCF	; 207
     4de:	91 09       	sbc	r25, r1
     4e0:	23 2f       	mov	r18, r19
/home/david/Arduino/libraries/ptc_touch/src/ptc_touch.c:678
        }
      }
    }

    while (rawData > 0x0001) {
      while (rawData > 0x00CF) {
     4e2:	80 3d       	cpi	r24, 0xD0	; 208
     4e4:	91 05       	cpc	r25, r1
     4e6:	b0 f7       	brcc	.-20     	; 0x4d4 <ptc_process_measurement+0xac>
/home/david/Arduino/libraries/ptc_touch/src/ptc_touch.c:687
          break;                    // by using sub reg with 0xFF or 0x01 in a reg respectively
        }
        rawData -= 0xCF;
      }
      
      while (rawData > 0x0015) {
     4e8:	86 31       	cpi	r24, 0x16	; 22
     4ea:	91 05       	cpc	r25, r1
     4ec:	38 f5       	brcc	.+78     	; 0x53c <ptc_process_measurement+0x114>
/home/david/Arduino/libraries/ptc_touch/src/ptc_touch.c:693
        cc_coarse += dir;
        if (cc_coarse > 0x0F)
          break;
        rawData -= 0x15;
      }
      if (cc_coarse > 0x0F) {
     4ee:	40 31       	cpi	r20, 0x10	; 16
     4f0:	28 f0       	brcs	.+10     	; 0x4fc <ptc_process_measurement+0xd4>
/home/david/Arduino/libraries/ptc_touch/src/ptc_touch.c:694
        cc_rough += dir;
     4f2:	32 2f       	mov	r19, r18
     4f4:	35 0f       	add	r19, r21
/home/david/Arduino/libraries/ptc_touch/src/ptc_touch.c:695
        if (cc_rough > 0x03) {
     4f6:	34 30       	cpi	r19, 0x04	; 4
     4f8:	30 f1       	brcs	.+76     	; 0x546 <ptc_process_measurement+0x11e>
/home/david/Arduino/libraries/ptc_touch/src/ptc_touch.c:697
          cc_rough -= dir;
          cc_coarse -= dir;
     4fa:	45 1b       	sub	r20, r21
/home/david/Arduino/libraries/ptc_touch/src/ptc_touch.c:704
          cc_coarse -= dirOvf;
        }
      }
      
      
      while (rawData > 0x0001) {
     4fc:	82 30       	cpi	r24, 0x02	; 2
     4fe:	91 05       	cpc	r25, r1
     500:	28 f5       	brcc	.+74     	; 0x54c <ptc_process_measurement+0x124>
/home/david/Arduino/libraries/ptc_touch/src/ptc_touch.c:711
        if (cc_fine > 0x0F)
          break;
        rawData -= 0x02;
      }

      if (cc_fine > 0x0F) {
     502:	a0 31       	cpi	r26, 0x10	; 16
     504:	38 f0       	brcs	.+14     	; 0x514 <ptc_process_measurement+0xec>
/home/david/Arduino/libraries/ptc_touch/src/ptc_touch.c:712
        cc_coarse += dir;
     506:	45 0f       	add	r20, r21
/home/david/Arduino/libraries/ptc_touch/src/ptc_touch.c:713
        if (cc_coarse > 0x0F) {
     508:	40 31       	cpi	r20, 0x10	; 16
     50a:	28 f1       	brcs	.+74     	; 0x556 <ptc_process_measurement+0x12e>
/home/david/Arduino/libraries/ptc_touch/src/ptc_touch.c:714
          cc_rough += dir;
     50c:	25 0f       	add	r18, r21
/home/david/Arduino/libraries/ptc_touch/src/ptc_touch.c:715
          if (cc_rough > 0x03) {
     50e:	24 30       	cpi	r18, 0x04	; 4
     510:	68 f5       	brcc	.+90     	; 0x56c <ptc_process_measurement+0x144>
/home/david/Arduino/libraries/ptc_touch/src/ptc_touch.c:724
            if (dir < 0)
              return PTC_LIB_CALIB_TOO_LOW;
            else 
              return PTC_LIB_CALIB_TOO_HIGH;
          } else {
            cc_coarse -= dirOvf;
     512:	4b 1b       	sub	r20, r27
/home/david/Arduino/libraries/ptc_touch/src/ptc_touch.c:677
          }
        }
      }
    }

    while (rawData > 0x0001) {
     514:	82 30       	cpi	r24, 0x02	; 2
     516:	91 05       	cpc	r25, r1
     518:	20 f7       	brcc	.-56     	; 0x4e2 <ptc_process_measurement+0xba>
/home/david/Arduino/libraries/ptc_touch/src/ptc_touch.c:733
        }
      } /* if (cc_fine > 0x0F) */
    } /* (rawData > 0x0001) */


    cc_fine <<= 4;
     51a:	a2 95       	swap	r26
     51c:	a0 7f       	andi	r26, 0xF0	; 240
/home/david/Arduino/libraries/ptc_touch/src/ptc_touch.c:734
    cc_rough <<= 4;
     51e:	22 95       	swap	r18
     520:	20 7f       	andi	r18, 0xF0	; 240
/home/david/Arduino/libraries/ptc_touch/src/ptc_touch.c:736
    cc_rough |= cc_add_rough;
    cc_rough |= cc_coarse;
     522:	46 2b       	or	r20, r22
     524:	24 2b       	or	r18, r20
/home/david/Arduino/libraries/ptc_touch/src/ptc_touch.c:625
uint8_t ptc_process_calibrate (cap_sensor_t* node) {
  uint16_t rawData = node->sensorData;
  
  #if defined(__PTC_Tiny__)
    uint16_t compensation = node->hw_compCaps;
    uint8_t cc_accurate =             compensation        & 0x0F;
     526:	1f 70       	andi	r17, 0x0F	; 15
/home/david/Arduino/libraries/ptc_touch/src/ptc_touch.c:737

    cc_fine <<= 4;
    cc_rough <<= 4;
    cc_rough |= cc_add_rough;
    cc_rough |= cc_coarse;
    cc_fine  |= cc_accurate;
     528:	a1 2b       	or	r26, r17
/home/david/Arduino/libraries/ptc_touch/src/ptc_touch.c:738
    node->hw_compCaps = (uint16_t)((cc_rough << 8) | cc_fine);
     52a:	32 2f       	mov	r19, r18
     52c:	2a 2f       	mov	r18, r26
     52e:	21 87       	std	Z+9, r18	; 0x09
     530:	32 87       	std	Z+10, r19	; 0x0a
ptc_process_node_sm():
/home/david/Arduino/libraries/ptc_touch/src/ptc_touch.c:504
        nodeSM = PTC_SM_LOW_POWER;
      } else {
        nodeSM = PTC_SM_NO_TOUCH;
      }
      ptc_event_callback(PTC_CB_EVENT_CONV_CALIB, node);
    } else if (PTC_LIB_SUCCESS != retVal || lastChange > 10) {  // if we stay here for over 10 conversions, something didn't went right
     532:	7b 30       	cpi	r23, 0x0B	; 11
     534:	d8 f4       	brcc	.+54     	; 0x56c <ptc_process_measurement+0x144>
/home/david/Arduino/libraries/ptc_touch/src/ptc_touch.c:615
  
  if (node->stateMachine != nodeSM) {
    node->lastStateChange = 0;
    node->stateMachine = nodeSM;
  } else {
    node->lastStateChange = lastChange + 1;
     536:	7f 5f       	subi	r23, 0xFF	; 255
     538:	70 8f       	std	Z+24, r23	; 0x18
     53a:	1b c0       	rjmp	.+54     	; 0x572 <ptc_process_measurement+0x14a>
ptc_process_calibrate():
/home/david/Arduino/libraries/ptc_touch/src/ptc_touch.c:688
        }
        rawData -= 0xCF;
      }
      
      while (rawData > 0x0015) {
        cc_coarse += dir;
     53c:	45 0f       	add	r20, r21
/home/david/Arduino/libraries/ptc_touch/src/ptc_touch.c:689
        if (cc_coarse > 0x0F)
     53e:	40 31       	cpi	r20, 0x10	; 16
     540:	c0 f6       	brcc	.-80     	; 0x4f2 <ptc_process_measurement+0xca>
/home/david/Arduino/libraries/ptc_touch/src/ptc_touch.c:691
          break;
        rawData -= 0x15;
     542:	45 97       	sbiw	r24, 0x15	; 21
     544:	d1 cf       	rjmp	.-94     	; 0x4e8 <ptc_process_measurement+0xc0>
/home/david/Arduino/libraries/ptc_touch/src/ptc_touch.c:699
        cc_rough += dir;
        if (cc_rough > 0x03) {
          cc_rough -= dir;
          cc_coarse -= dir;
        } else {
          cc_coarse -= dirOvf;
     546:	4b 1b       	sub	r20, r27
     548:	23 2f       	mov	r18, r19
     54a:	d8 cf       	rjmp	.-80     	; 0x4fc <ptc_process_measurement+0xd4>
/home/david/Arduino/libraries/ptc_touch/src/ptc_touch.c:705
        }
      }
      
      
      while (rawData > 0x0001) {
        cc_fine += dir;
     54c:	a5 0f       	add	r26, r21
/home/david/Arduino/libraries/ptc_touch/src/ptc_touch.c:706
        if (cc_fine > 0x0F)
     54e:	a0 31       	cpi	r26, 0x10	; 16
     550:	d0 f6       	brcc	.-76     	; 0x506 <ptc_process_measurement+0xde>
/home/david/Arduino/libraries/ptc_touch/src/ptc_touch.c:708
          break;
        rawData -= 0x02;
     552:	02 97       	sbiw	r24, 0x02	; 2
     554:	d3 cf       	rjmp	.-90     	; 0x4fc <ptc_process_measurement+0xd4>
/home/david/Arduino/libraries/ptc_touch/src/ptc_touch.c:727
              return PTC_LIB_CALIB_TOO_HIGH;
          } else {
            cc_coarse -= dirOvf;
          }
        } else {
          cc_fine -= dirOvf;
     556:	ab 1b       	sub	r26, r27
     558:	dd cf       	rjmp	.-70     	; 0x514 <ptc_process_measurement+0xec>
ptc_process_node_sm():
/home/david/Arduino/libraries/ptc_touch/src/ptc_touch.c:497
   int16_t nodeDelta  = nodeData - reference;

  if (nodeSM == PTC_SM_NOINIT_CAL) {         /* Beginning here */
    uint8_t retVal = ptc_process_calibrate(node);
    if (PTC_LIB_CALIB_DONE == retVal) {
      node->reference = nodeData;
     55a:	c1 8b       	std	Z+17, r28	; 0x11
     55c:	d2 8b       	std	Z+18, r29	; 0x12
/home/david/Arduino/libraries/ptc_touch/src/ptc_touch.c:498
      if (node->state.low_power) {
     55e:	86 85       	ldd	r24, Z+14	; 0x0e
     560:	82 ff       	sbrs	r24, 2
     562:	b3 c0       	rjmp	.+358    	; 0x6ca <ptc_process_measurement+0x2a2>
ptc_process_measurement():
/home/david/Arduino/libraries/ptc_touch/src/ptc_touch.c:499
        nodeSM = PTC_SM_LOW_POWER;
     564:	80 e8       	ldi	r24, 0x80	; 128
ptc_process_node_sm():
/home/david/Arduino/libraries/ptc_touch/src/ptc_touch.c:612

  }

  
  if (node->stateMachine != nodeSM) {
    node->lastStateChange = 0;
     566:	10 8e       	std	Z+24, r1	; 0x18
/home/david/Arduino/libraries/ptc_touch/src/ptc_touch.c:613
    node->stateMachine = nodeSM;
     568:	87 8b       	std	Z+23, r24	; 0x17
     56a:	03 c0       	rjmp	.+6      	; 0x572 <ptc_process_measurement+0x14a>
/home/david/Arduino/libraries/ptc_touch/src/ptc_touch.c:505
      } else {
        nodeSM = PTC_SM_NO_TOUCH;
      }
      ptc_event_callback(PTC_CB_EVENT_CONV_CALIB, node);
    } else if (PTC_LIB_SUCCESS != retVal || lastChange > 10) {  // if we stay here for over 10 conversions, something didn't went right
      node->state.error = 1;
     56c:	86 85       	ldd	r24, Z+14	; 0x0e
     56e:	81 60       	ori	r24, 0x01	; 1
     570:	86 87       	std	Z+14, r24	; 0x0e
ptc_process_measurement():
/home/david/Arduino/libraries/ptc_touch/src/ptc_touch.c:484
  if (node->state.data_ready != 0) {
    node->state.data_ready = 0;
    ptc_process_node_sm(node);
    ptc_event_callback(PTC_CB_EVENT_CONV_CMPL, node);
  }
}
     572:	df 91       	pop	r29
     574:	cf 91       	pop	r28
     576:	1f 91       	pop	r17
     578:	08 95       	ret
ptc_process_node_sm():
/home/david/Arduino/libraries/ptc_touch/src/ptc_touch.c:491

void ptc_process_node_sm (cap_sensor_t* node) {
  uint16_t nodeData   = node->sensorData;
  uint8_t  nodeSM     = node->stateMachine;
  uint8_t  lastChange = node->lastStateChange;
  uint16_t reference  = node->reference;
     57a:	41 89       	ldd	r20, Z+17	; 0x11
     57c:	52 89       	ldd	r21, Z+18	; 0x12
/home/david/Arduino/libraries/ptc_touch/src/ptc_touch.c:492
   int16_t nodeDelta  = nodeData - reference;
     57e:	c4 1b       	sub	r28, r20
     580:	d5 0b       	sbc	r29, r21
/home/david/Arduino/libraries/ptc_touch/src/ptc_touch.c:518
      return;
    } else if (PTC_LIB_SUCCESS == retVal) {
      // calibration didn't finish (yet), but didn't threw an error
    }

  } else if (nodeSM & PTC_SM_RECAL_FLT) {   /* if the delta was really low, we might have to recalibrate the caps */
     582:	90 ff       	sbrs	r25, 0
     584:	07 c0       	rjmp	.+14     	; 0x594 <ptc_process_measurement+0x16c>
/home/david/Arduino/libraries/ptc_touch/src/ptc_touch.c:519
    if (nodeDelta > -150) {
     586:	cb 36       	cpi	r28, 0x6B	; 107
     588:	df 4f       	sbci	r29, 0xFF	; 255
     58a:	9c f4       	brge	.+38     	; 0x5b2 <ptc_process_measurement+0x18a>
/home/david/Arduino/libraries/ptc_touch/src/ptc_touch.c:521
      nodeSM = PTC_SM_NO_TOUCH;
    } else if (lastChange > 3) {
     58c:	74 30       	cpi	r23, 0x04	; 4
     58e:	98 f2       	brcs	.-90     	; 0x536 <ptc_process_measurement+0x10e>
ptc_process_measurement():
/home/david/Arduino/libraries/ptc_touch/src/ptc_touch.c:522
      nodeSM = PTC_SM_NOINIT_CAL;
     590:	80 e0       	ldi	r24, 0x00	; 0
     592:	e9 cf       	rjmp	.-46     	; 0x566 <ptc_process_measurement+0x13e>
ptc_process_node_sm():
/home/david/Arduino/libraries/ptc_touch/src/ptc_touch.c:526
    }


  } else if (nodeSM & PTC_SM_NT_LOW_FLT) {   /* no touch, delta below -1, threshold drift */
     594:	91 ff       	sbrs	r25, 1
     596:	0f c0       	rjmp	.+30     	; 0x5b6 <ptc_process_measurement+0x18e>
/home/david/Arduino/libraries/ptc_touch/src/ptc_touch.c:527
    if (nodeDelta > 0) {
     598:	1c 16       	cp	r1, r28
     59a:	1d 06       	cpc	r1, r29
     59c:	54 f0       	brlt	.+20     	; 0x5b2 <ptc_process_measurement+0x18a>
/home/david/Arduino/libraries/ptc_touch/src/ptc_touch.c:529
      nodeSM = PTC_SM_NO_TOUCH;
    } else if (nodeDelta < -150) {
     59e:	ca 36       	cpi	r28, 0x6A	; 106
     5a0:	df 4f       	sbci	r29, 0xFF	; 255
     5a2:	0c f4       	brge	.+2      	; 0x5a6 <ptc_process_measurement+0x17e>
     5a4:	8c c0       	rjmp	.+280    	; 0x6be <ptc_process_measurement+0x296>
/home/david/Arduino/libraries/ptc_touch/src/ptc_touch.c:532
      nodeSM = PTC_SM_RECAL_FLT;
    } else if (lastChange > ptc_sm_settings.drift_down_nom) {  /* By using '>' the drift can be disabled with integer overflow */
      node->reference--;
     5a6:	41 50       	subi	r20, 0x01	; 1
     5a8:	51 09       	sbc	r21, r1
/home/david/Arduino/libraries/ptc_touch/src/ptc_touch.c:531
  } else if (nodeSM & PTC_SM_NT_LOW_FLT) {   /* no touch, delta below -1, threshold drift */
    if (nodeDelta > 0) {
      nodeSM = PTC_SM_NO_TOUCH;
    } else if (nodeDelta < -150) {
      nodeSM = PTC_SM_RECAL_FLT;
    } else if (lastChange > ptc_sm_settings.drift_down_nom) {  /* By using '>' the drift can be disabled with integer overflow */
     5aa:	70 31       	cpi	r23, 0x10	; 16
     5ac:	20 f2       	brcs	.-120    	; 0x536 <ptc_process_measurement+0x10e>
/home/david/Arduino/libraries/ptc_touch/src/ptc_touch.c:559
    if (nodeDelta < 0) {
      nodeSM = PTC_SM_NO_TOUCH;
    } else if (nodeDelta >= node->touch_in_th) {
      nodeSM = PTC_SM_TOUCH_IN_FLT;
    } else if (lastChange > ptc_sm_settings.drift_up_nom) {
      node->reference++;
     5ae:	41 8b       	std	Z+17, r20	; 0x11
     5b0:	52 8b       	std	Z+18, r21	; 0x12
ptc_process_measurement():
/home/david/Arduino/libraries/ptc_touch/src/ptc_touch.c:520
      // calibration didn't finish (yet), but didn't threw an error
    }

  } else if (nodeSM & PTC_SM_RECAL_FLT) {   /* if the delta was really low, we might have to recalibrate the caps */
    if (nodeDelta > -150) {
      nodeSM = PTC_SM_NO_TOUCH;
     5b2:	84 e0       	ldi	r24, 0x04	; 4
     5b4:	1b c0       	rjmp	.+54     	; 0x5ec <ptc_process_measurement+0x1c4>
ptc_process_node_sm():
/home/david/Arduino/libraries/ptc_touch/src/ptc_touch.c:537
      node->reference--;
      nodeSM = PTC_SM_NO_TOUCH;
    }


  } else if (nodeSM & PTC_SM_NO_TOUCH) {   /* default State, no touch */
     5b6:	92 ff       	sbrs	r25, 2
     5b8:	1c c0       	rjmp	.+56     	; 0x5f2 <ptc_process_measurement+0x1ca>
/home/david/Arduino/libraries/ptc_touch/src/ptc_touch.c:538
    if (nodeDelta < -150) {                 /* if the touch value is way too small, something chnaged with the lines, recal */
     5ba:	ca 36       	cpi	r28, 0x6A	; 106
     5bc:	8f ef       	ldi	r24, 0xFF	; 255
     5be:	d8 07       	cpc	r29, r24
     5c0:	0c f4       	brge	.+2      	; 0x5c4 <ptc_process_measurement+0x19c>
     5c2:	7d c0       	rjmp	.+250    	; 0x6be <ptc_process_measurement+0x296>
/home/david/Arduino/libraries/ptc_touch/src/ptc_touch.c:540
      nodeSM = PTC_SM_RECAL_FLT;
    } else if (nodeDelta >= node->touch_in_th) {
     5c4:	a3 89       	ldd	r26, Z+19	; 0x13
     5c6:	b4 89       	ldd	r27, Z+20	; 0x14
     5c8:	ca 17       	cp	r28, r26
     5ca:	db 07       	cpc	r29, r27
     5cc:	0c f0       	brlt	.+2      	; 0x5d0 <ptc_process_measurement+0x1a8>
     5ce:	7b c0       	rjmp	.+246    	; 0x6c6 <ptc_process_measurement+0x29e>
/home/david/Arduino/libraries/ptc_touch/src/ptc_touch.c:542
      nodeSM = PTC_SM_TOUCH_IN_FLT;
    } else if (reference <= (512 - ptc_sm_settings.force_recal_delta)) {
     5d0:	4b 56       	subi	r20, 0x6B	; 107
     5d2:	51 40       	sbci	r21, 0x01	; 1
     5d4:	4b 32       	cpi	r20, 0x2B	; 43
     5d6:	51 40       	sbci	r21, 0x01	; 1
     5d8:	d8 f6       	brcc	.-74     	; 0x590 <ptc_process_measurement+0x168>
/home/david/Arduino/libraries/ptc_touch/src/ptc_touch.c:546
      nodeSM = PTC_SM_NOINIT_CAL;
    } else if (reference >= (512 + ptc_sm_settings.force_recal_delta)) {
      nodeSM = PTC_SM_NOINIT_CAL;
    } else if (nodeDelta < -1) {
     5da:	cf 3f       	cpi	r28, 0xFF	; 255
     5dc:	8f ef       	ldi	r24, 0xFF	; 255
     5de:	d8 07       	cpc	r29, r24
     5e0:	0c f4       	brge	.+2      	; 0x5e4 <ptc_process_measurement+0x1bc>
     5e2:	6f c0       	rjmp	.+222    	; 0x6c2 <ptc_process_measurement+0x29a>
ptc_process_measurement():
/home/david/Arduino/libraries/ptc_touch/src/ptc_touch.c:549
      nodeSM = PTC_SM_NT_LOW_FLT;
    } else if (nodeDelta > 1) {
      nodeSM = PTC_SM_NT_HIGH_FLT;
     5e4:	88 e0       	ldi	r24, 0x08	; 8
ptc_process_node_sm():
/home/david/Arduino/libraries/ptc_touch/src/ptc_touch.c:548
      nodeSM = PTC_SM_NOINIT_CAL;
    } else if (reference >= (512 + ptc_sm_settings.force_recal_delta)) {
      nodeSM = PTC_SM_NOINIT_CAL;
    } else if (nodeDelta < -1) {
      nodeSM = PTC_SM_NT_LOW_FLT;
    } else if (nodeDelta > 1) {
     5e6:	22 97       	sbiw	r28, 0x02	; 2
     5e8:	0c f4       	brge	.+2      	; 0x5ec <ptc_process_measurement+0x1c4>
     5ea:	a5 cf       	rjmp	.-182    	; 0x536 <ptc_process_measurement+0x10e>
/home/david/Arduino/libraries/ptc_touch/src/ptc_touch.c:611


  }

  
  if (node->stateMachine != nodeSM) {
     5ec:	98 13       	cpse	r25, r24
     5ee:	bb cf       	rjmp	.-138    	; 0x566 <ptc_process_measurement+0x13e>
     5f0:	a2 cf       	rjmp	.-188    	; 0x536 <ptc_process_measurement+0x10e>
/home/david/Arduino/libraries/ptc_touch/src/ptc_touch.c:553
    } else if (nodeDelta > 1) {
      nodeSM = PTC_SM_NT_HIGH_FLT;
    }


  } else if (nodeSM & PTC_SM_NT_HIGH_FLT) {
     5f2:	93 ff       	sbrs	r25, 3
     5f4:	0e c0       	rjmp	.+28     	; 0x612 <ptc_process_measurement+0x1ea>
/home/david/Arduino/libraries/ptc_touch/src/ptc_touch.c:554
    if (nodeDelta < 0) {
     5f6:	d7 fd       	sbrc	r29, 7
     5f8:	dc cf       	rjmp	.-72     	; 0x5b2 <ptc_process_measurement+0x18a>
/home/david/Arduino/libraries/ptc_touch/src/ptc_touch.c:556
      nodeSM = PTC_SM_NO_TOUCH;
    } else if (nodeDelta >= node->touch_in_th) {
     5fa:	a3 89       	ldd	r26, Z+19	; 0x13
     5fc:	b4 89       	ldd	r27, Z+20	; 0x14
     5fe:	ca 17       	cp	r28, r26
     600:	db 07       	cpc	r29, r27
     602:	0c f0       	brlt	.+2      	; 0x606 <ptc_process_measurement+0x1de>
     604:	60 c0       	rjmp	.+192    	; 0x6c6 <ptc_process_measurement+0x29e>
/home/david/Arduino/libraries/ptc_touch/src/ptc_touch.c:558
      nodeSM = PTC_SM_TOUCH_IN_FLT;
    } else if (lastChange > ptc_sm_settings.drift_up_nom) {
     606:	70 31       	cpi	r23, 0x10	; 16
     608:	08 f4       	brcc	.+2      	; 0x60c <ptc_process_measurement+0x1e4>
     60a:	95 cf       	rjmp	.-214    	; 0x536 <ptc_process_measurement+0x10e>
/home/david/Arduino/libraries/ptc_touch/src/ptc_touch.c:559
      node->reference++;
     60c:	4f 5f       	subi	r20, 0xFF	; 255
     60e:	5f 4f       	sbci	r21, 0xFF	; 255
     610:	ce cf       	rjmp	.-100    	; 0x5ae <ptc_process_measurement+0x186>
/home/david/Arduino/libraries/ptc_touch/src/ptc_touch.c:564
      nodeSM = PTC_SM_NO_TOUCH;
    }


  } else if (nodeSM & PTC_SM_TOUCH_IN_FLT) {
     612:	94 ff       	sbrs	r25, 4
     614:	08 c0       	rjmp	.+16     	; 0x626 <ptc_process_measurement+0x1fe>
/home/david/Arduino/libraries/ptc_touch/src/ptc_touch.c:565
    if (lastChange >= ptc_sm_settings.touched_detect_nom) {
     616:	73 30       	cpi	r23, 0x03	; 3
     618:	80 f4       	brcc	.+32     	; 0x63a <ptc_process_measurement+0x212>
/home/david/Arduino/libraries/ptc_touch/src/ptc_touch.c:568
      nodeSM = PTC_SM_TOUCH_DETECT;
      ptc_event_callback(PTC_CB_EVENT_TOUCH_DETECT, node);
    } else if (nodeDelta < node->touch_in_th) {
     61a:	43 89       	ldd	r20, Z+19	; 0x13
     61c:	54 89       	ldd	r21, Z+20	; 0x14
     61e:	c4 17       	cp	r28, r20
     620:	d5 07       	cpc	r29, r21
     622:	3c f2       	brlt	.-114    	; 0x5b2 <ptc_process_measurement+0x18a>
     624:	88 cf       	rjmp	.-240    	; 0x536 <ptc_process_measurement+0x10e>
/home/david/Arduino/libraries/ptc_touch/src/ptc_touch.c:573
      nodeSM = PTC_SM_NO_TOUCH;
    }


  } else if (nodeSM & PTC_SM_TOUCH_OUT_FLT) {
     626:	95 ff       	sbrs	r25, 5
     628:	0a c0       	rjmp	.+20     	; 0x63e <ptc_process_measurement+0x216>
/home/david/Arduino/libraries/ptc_touch/src/ptc_touch.c:574
    if (lastChange >= ptc_sm_settings.untouched_detect_nom) {
     62a:	73 30       	cpi	r23, 0x03	; 3
     62c:	10 f6       	brcc	.-124    	; 0x5b2 <ptc_process_measurement+0x18a>
/home/david/Arduino/libraries/ptc_touch/src/ptc_touch.c:577
      nodeSM = PTC_SM_NO_TOUCH;
      ptc_event_callback(PTC_CB_EVENT_TOUCH_RELEASE, node);
    } else if (nodeDelta > node->touch_in_th) {
     62e:	43 89       	ldd	r20, Z+19	; 0x13
     630:	54 89       	ldd	r21, Z+20	; 0x14
     632:	4c 17       	cp	r20, r28
     634:	5d 07       	cpc	r21, r29
     636:	0c f0       	brlt	.+2      	; 0x63a <ptc_process_measurement+0x212>
     638:	7e cf       	rjmp	.-260    	; 0x536 <ptc_process_measurement+0x10e>
ptc_process_measurement():
/home/david/Arduino/libraries/ptc_touch/src/ptc_touch.c:566
    }


  } else if (nodeSM & PTC_SM_TOUCH_IN_FLT) {
    if (lastChange >= ptc_sm_settings.touched_detect_nom) {
      nodeSM = PTC_SM_TOUCH_DETECT;
     63a:	80 e4       	ldi	r24, 0x40	; 64
     63c:	d7 cf       	rjmp	.-82     	; 0x5ec <ptc_process_measurement+0x1c4>
ptc_process_node_sm():
/home/david/Arduino/libraries/ptc_touch/src/ptc_touch.c:582
    } else if (nodeDelta > node->touch_in_th) {
      nodeSM = PTC_SM_TOUCH_DETECT;
    }


  } else if (nodeSM & PTC_SM_TOUCH_DETECT) {
     63e:	96 ff       	sbrs	r25, 6
     640:	0b c0       	rjmp	.+22     	; 0x658 <ptc_process_measurement+0x230>
/home/david/Arduino/libraries/ptc_touch/src/ptc_touch.c:583
    if (lastChange > ptc_sm_settings.touched_max_nom) {
     642:	79 3c       	cpi	r23, 0xC9	; 201
     644:	08 f0       	brcs	.+2      	; 0x648 <ptc_process_measurement+0x220>
     646:	a4 cf       	rjmp	.-184    	; 0x590 <ptc_process_measurement+0x168>
/home/david/Arduino/libraries/ptc_touch/src/ptc_touch.c:585
      nodeSM = PTC_SM_NOINIT_CAL;
    } else if (nodeDelta < node->touch_out_th) {
     648:	45 89       	ldd	r20, Z+21	; 0x15
     64a:	56 89       	ldd	r21, Z+22	; 0x16
     64c:	c4 17       	cp	r28, r20
     64e:	d5 07       	cpc	r29, r21
     650:	0c f0       	brlt	.+2      	; 0x654 <ptc_process_measurement+0x22c>
     652:	71 cf       	rjmp	.-286    	; 0x536 <ptc_process_measurement+0x10e>
ptc_process_measurement():
/home/david/Arduino/libraries/ptc_touch/src/ptc_touch.c:586
      nodeSM = PTC_SM_TOUCH_OUT_FLT;
     654:	80 e2       	ldi	r24, 0x20	; 32
     656:	ca cf       	rjmp	.-108    	; 0x5ec <ptc_process_measurement+0x1c4>
ptc_process_node_sm():
/home/david/Arduino/libraries/ptc_touch/src/ptc_touch.c:590
    }


  } else if (nodeSM & PTC_SM_LOW_POWER) {
     658:	97 ff       	sbrs	r25, 7
     65a:	6d cf       	rjmp	.-294    	; 0x536 <ptc_process_measurement+0x10e>
/home/david/Arduino/libraries/ptc_touch/src/ptc_touch.c:591
    if (0 == node->state.low_power) {
     65c:	86 85       	ldd	r24, Z+14	; 0x0e
     65e:	82 fd       	sbrc	r24, 2
     660:	1e c0       	rjmp	.+60     	; 0x69e <ptc_process_measurement+0x276>
/home/david/Arduino/libraries/ptc_touch/src/ptc_touch.c:592
      if (nodeDelta > node->touch_in_th) {
     662:	a3 89       	ldd	r26, Z+19	; 0x13
     664:	b4 89       	ldd	r27, Z+20	; 0x14
ptc_process_measurement():
/home/david/Arduino/libraries/ptc_touch/src/ptc_touch.c:593
        nodeSM = PTC_SM_TOUCH_DETECT;
     666:	80 e4       	ldi	r24, 0x40	; 64
ptc_process_node_sm():
/home/david/Arduino/libraries/ptc_touch/src/ptc_touch.c:592
    }


  } else if (nodeSM & PTC_SM_LOW_POWER) {
    if (0 == node->state.low_power) {
      if (nodeDelta > node->touch_in_th) {
     668:	ac 17       	cp	r26, r28
     66a:	bd 07       	cpc	r27, r29
     66c:	0c f0       	brlt	.+2      	; 0x670 <ptc_process_measurement+0x248>
ptc_process_measurement():
/home/david/Arduino/libraries/ptc_touch/src/ptc_touch.c:595
        nodeSM = PTC_SM_TOUCH_DETECT;
      } else {
        nodeSM = PTC_SM_NO_TOUCH;
     66e:	84 e0       	ldi	r24, 0x04	; 4
ptc_process_node_sm():
/home/david/Arduino/libraries/ptc_touch/src/ptc_touch.c:597
      }
      lowPowerNode = NULL;
     670:	10 92 39 38 	sts	0x3839, r1	; 0x803839 <lowPowerNode>
     674:	10 92 3a 38 	sts	0x383A, r1	; 0x80383a <lowPowerNode+0x1>
/home/david/Arduino/libraries/ptc_touch/src/ptc_touch.c:599
    }
    if (nodeDelta < -1) {
     678:	cf 3f       	cpi	r28, 0xFF	; 255
     67a:	2f ef       	ldi	r18, 0xFF	; 255
     67c:	d2 07       	cpc	r29, r18
     67e:	8c f4       	brge	.+34     	; 0x6a2 <ptc_process_measurement+0x27a>
/home/david/Arduino/libraries/ptc_touch/src/ptc_touch.c:600
      node->reference--;
     680:	41 50       	subi	r20, 0x01	; 1
     682:	51 09       	sbc	r21, r1
     684:	41 8b       	std	Z+17, r20	; 0x11
     686:	52 8b       	std	Z+18, r21	; 0x12
/home/david/Arduino/libraries/ptc_touch/src/ptc_touch.c:601
      PTC.WINHT--;
     688:	20 91 14 06 	lds	r18, 0x0614	; 0x800614 <digital_pin_to_bit_mask+0x7f7252>
     68c:	30 91 15 06 	lds	r19, 0x0615	; 0x800615 <digital_pin_to_bit_mask+0x7f7253>
     690:	21 50       	subi	r18, 0x01	; 1
     692:	31 09       	sbc	r19, r1
/home/david/Arduino/libraries/ptc_touch/src/ptc_touch.c:604
    } else if (nodeDelta > 1) {
      node->reference++;
      PTC.WINHT++;
     694:	20 93 14 06 	sts	0x0614, r18	; 0x800614 <digital_pin_to_bit_mask+0x7f7252>
     698:	30 93 15 06 	sts	0x0615, r19	; 0x800615 <digital_pin_to_bit_mask+0x7f7253>
     69c:	a7 cf       	rjmp	.-178    	; 0x5ec <ptc_process_measurement+0x1c4>
/home/david/Arduino/libraries/ptc_touch/src/ptc_touch.c:591
      nodeSM = PTC_SM_TOUCH_OUT_FLT;
    }


  } else if (nodeSM & PTC_SM_LOW_POWER) {
    if (0 == node->state.low_power) {
     69e:	89 2f       	mov	r24, r25
     6a0:	eb cf       	rjmp	.-42     	; 0x678 <ptc_process_measurement+0x250>
/home/david/Arduino/libraries/ptc_touch/src/ptc_touch.c:602
      lowPowerNode = NULL;
    }
    if (nodeDelta < -1) {
      node->reference--;
      PTC.WINHT--;
    } else if (nodeDelta > 1) {
     6a2:	22 97       	sbiw	r28, 0x02	; 2
     6a4:	0c f4       	brge	.+2      	; 0x6a8 <ptc_process_measurement+0x280>
     6a6:	a2 cf       	rjmp	.-188    	; 0x5ec <ptc_process_measurement+0x1c4>
/home/david/Arduino/libraries/ptc_touch/src/ptc_touch.c:603
      node->reference++;
     6a8:	4f 5f       	subi	r20, 0xFF	; 255
     6aa:	5f 4f       	sbci	r21, 0xFF	; 255
     6ac:	41 8b       	std	Z+17, r20	; 0x11
     6ae:	52 8b       	std	Z+18, r21	; 0x12
/home/david/Arduino/libraries/ptc_touch/src/ptc_touch.c:604
      PTC.WINHT++;
     6b0:	20 91 14 06 	lds	r18, 0x0614	; 0x800614 <digital_pin_to_bit_mask+0x7f7252>
     6b4:	30 91 15 06 	lds	r19, 0x0615	; 0x800615 <digital_pin_to_bit_mask+0x7f7253>
     6b8:	2f 5f       	subi	r18, 0xFF	; 255
     6ba:	3f 4f       	sbci	r19, 0xFF	; 255
     6bc:	eb cf       	rjmp	.-42     	; 0x694 <ptc_process_measurement+0x26c>
ptc_process_measurement():
/home/david/Arduino/libraries/ptc_touch/src/ptc_touch.c:530

  } else if (nodeSM & PTC_SM_NT_LOW_FLT) {   /* no touch, delta below -1, threshold drift */
    if (nodeDelta > 0) {
      nodeSM = PTC_SM_NO_TOUCH;
    } else if (nodeDelta < -150) {
      nodeSM = PTC_SM_RECAL_FLT;
     6be:	81 e0       	ldi	r24, 0x01	; 1
     6c0:	95 cf       	rjmp	.-214    	; 0x5ec <ptc_process_measurement+0x1c4>
/home/david/Arduino/libraries/ptc_touch/src/ptc_touch.c:547
    } else if (reference <= (512 - ptc_sm_settings.force_recal_delta)) {
      nodeSM = PTC_SM_NOINIT_CAL;
    } else if (reference >= (512 + ptc_sm_settings.force_recal_delta)) {
      nodeSM = PTC_SM_NOINIT_CAL;
    } else if (nodeDelta < -1) {
      nodeSM = PTC_SM_NT_LOW_FLT;
     6c2:	82 e0       	ldi	r24, 0x02	; 2
     6c4:	93 cf       	rjmp	.-218    	; 0x5ec <ptc_process_measurement+0x1c4>
/home/david/Arduino/libraries/ptc_touch/src/ptc_touch.c:541

  } else if (nodeSM & PTC_SM_NO_TOUCH) {   /* default State, no touch */
    if (nodeDelta < -150) {                 /* if the touch value is way too small, something chnaged with the lines, recal */
      nodeSM = PTC_SM_RECAL_FLT;
    } else if (nodeDelta >= node->touch_in_th) {
      nodeSM = PTC_SM_TOUCH_IN_FLT;
     6c6:	80 e1       	ldi	r24, 0x10	; 16
     6c8:	91 cf       	rjmp	.-222    	; 0x5ec <ptc_process_measurement+0x1c4>
/home/david/Arduino/libraries/ptc_touch/src/ptc_touch.c:501
    if (PTC_LIB_CALIB_DONE == retVal) {
      node->reference = nodeData;
      if (node->state.low_power) {
        nodeSM = PTC_SM_LOW_POWER;
      } else {
        nodeSM = PTC_SM_NO_TOUCH;
     6ca:	84 e0       	ldi	r24, 0x04	; 4
     6cc:	4c cf       	rjmp	.-360    	; 0x566 <ptc_process_measurement+0x13e>

000006ce <setAllLeds(unsigned char, unsigned char, unsigned char, bool)>:
_Z10setAllLedshhhb():
/home/david/firmware/firmware.ino:153
    ptc_node_set_thresholds(&touchButtons[buttonIndex], 80, 10);
  }
}

void setAllLeds(uint8_t red, uint8_t green, uint8_t blue, bool show = false)
{
     6ce:	ef 92       	push	r14
     6d0:	ff 92       	push	r15
     6d2:	0f 93       	push	r16
     6d4:	1f 93       	push	r17
     6d6:	cf 93       	push	r28
     6d8:	df 93       	push	r29
     6da:	08 2f       	mov	r16, r24
     6dc:	f6 2e       	mov	r15, r22
     6de:	e4 2e       	mov	r14, r20
     6e0:	12 2f       	mov	r17, r18
     6e2:	d0 e0       	ldi	r29, 0x00	; 0
     6e4:	c0 e0       	ldi	r28, 0x00	; 0
/home/david/firmware/firmware.ino:155
  for (uint8_t ledIndex = 0; ledIndex < NUM_LEDS; ++ledIndex) {
    ledStrip.setPixelColor(ledIndex, red, green, blue);
     6e6:	2e 2d       	mov	r18, r14
     6e8:	4f 2d       	mov	r20, r15
     6ea:	60 2f       	mov	r22, r16
     6ec:	ce 01       	movw	r24, r28
     6ee:	f0 dc       	rcall	.-1568   	; 0xd0 <tinyNeoPixel::setPixelColor(unsigned int, unsigned char, unsigned char, unsigned char) [clone .constprop.12]>
     6f0:	21 96       	adiw	r28, 0x01	; 1
/home/david/firmware/firmware.ino:154
  }
}

void setAllLeds(uint8_t red, uint8_t green, uint8_t blue, bool show = false)
{
  for (uint8_t ledIndex = 0; ledIndex < NUM_LEDS; ++ledIndex) {
     6f2:	c2 31       	cpi	r28, 0x12	; 18
     6f4:	d1 05       	cpc	r29, r1
     6f6:	b9 f7       	brne	.-18     	; 0x6e6 <setAllLeds(unsigned char, unsigned char, unsigned char, bool)+0x18>
/home/david/firmware/firmware.ino:158
    ledStrip.setPixelColor(ledIndex, red, green, blue);
  }

  if (show) {
     6f8:	11 23       	and	r17, r17
     6fa:	39 f0       	breq	.+14     	; 0x70a <setAllLeds(unsigned char, unsigned char, unsigned char, bool)+0x3c>
/home/david/firmware/firmware.ino:161
    ledStrip.show();
  }
}
     6fc:	df 91       	pop	r29
     6fe:	cf 91       	pop	r28
     700:	1f 91       	pop	r17
     702:	0f 91       	pop	r16
     704:	ff 90       	pop	r15
/home/david/firmware/firmware.ino:159
  for (uint8_t ledIndex = 0; ledIndex < NUM_LEDS; ++ledIndex) {
    ledStrip.setPixelColor(ledIndex, red, green, blue);
  }

  if (show) {
    ledStrip.show();
     706:	ef 90       	pop	r14
     708:	7a cd       	rjmp	.-1292   	; 0x1fe <tinyNeoPixel::show() [clone .constprop.14]>
/home/david/firmware/firmware.ino:161
  }
}
     70a:	df 91       	pop	r29
     70c:	cf 91       	pop	r28
     70e:	1f 91       	pop	r17
     710:	0f 91       	pop	r16
     712:	ff 90       	pop	r15
     714:	ef 90       	pop	r14
/home/david/firmware/firmware.ino:1083
  14, 15,
  15, 255,
};

uint8_t knightRider(uint16_t step)
{
     716:	08 95       	ret

00000718 <knightRider(unsigned int)>:
_Z11knightRiderj():
     718:	cf 93       	push	r28
/home/david/firmware/firmware.ino:1084
  uint8_t position = step % 20;
     71a:	df 93       	push	r29
     71c:	64 e1       	ldi	r22, 0x14	; 20
     71e:	70 e0       	ldi	r23, 0x00	; 0
     720:	df d5       	rcall	.+3006   	; 0x12e0 <__udivmodhi4>
     722:	28 2f       	mov	r18, r24
/home/david/firmware/firmware.ino:1085
  if (position > 10) {
     724:	8b 30       	cpi	r24, 0x0B	; 11
     726:	10 f0       	brcs	.+4      	; 0x72c <knightRider(unsigned int)+0x14>
/home/david/firmware/firmware.ino:1086
    position = 20 - position;
     728:	24 e1       	ldi	r18, 0x14	; 20
     72a:	28 1b       	sub	r18, r24
/home/david/firmware/firmware.ino:1089
  }

  const uint8_t tableIndex = position * 2;
     72c:	22 0f       	add	r18, r18
/home/david/firmware/firmware.ino:1090
  const uint8_t firstLed = pgm_read_byte(&KNIGHT_RIDER_LEDS[tableIndex]);
     72e:	30 e0       	ldi	r19, 0x00	; 0
     730:	f9 01       	movw	r30, r18
     732:	e6 5b       	subi	r30, 0xB6	; 182
     734:	fc 46       	sbci	r31, 0x6C	; 108
     736:	d4 91       	lpm	r29, Z
/home/david/firmware/firmware.ino:1091
  const uint8_t secondLed = pgm_read_byte(&KNIGHT_RIDER_LEDS[tableIndex + 1]);
     738:	f9 01       	movw	r30, r18
     73a:	e5 5b       	subi	r30, 0xB5	; 181
     73c:	fc 46       	sbci	r31, 0x6C	; 108
/home/david/firmware/firmware.ino:165
  }
}

void setAllLeds(RgbColor color, bool show = false)
{
  setAllLeds(color.red, color.green, color.blue, show);
     73e:	c4 91       	lpm	r28, Z
setAllLeds():
     740:	20 e0       	ldi	r18, 0x00	; 0
     742:	40 e0       	ldi	r20, 0x00	; 0
     744:	60 e0       	ldi	r22, 0x00	; 0
     746:	80 e0       	ldi	r24, 0x00	; 0
/home/david/firmware/firmware.ino:1094
  const uint8_t tableIndex = position * 2;
  const uint8_t firstLed = pgm_read_byte(&KNIGHT_RIDER_LEDS[tableIndex]);
  const uint8_t secondLed = pgm_read_byte(&KNIGHT_RIDER_LEDS[tableIndex + 1]);

  setAllLeds(COLOR_OFF);
  ledStrip.setPixelColor(firstLed, 30, 0, 0); // Ensure Red color
     748:	c2 df       	rcall	.-124    	; 0x6ce <setAllLeds(unsigned char, unsigned char, unsigned char, bool)>
_Z11knightRiderj():
     74a:	20 e0       	ldi	r18, 0x00	; 0
     74c:	40 e0       	ldi	r20, 0x00	; 0
     74e:	6e e1       	ldi	r22, 0x1E	; 30
     750:	8d 2f       	mov	r24, r29
     752:	90 e0       	ldi	r25, 0x00	; 0
/home/david/firmware/firmware.ino:1096

  if (secondLed != 255) {
     754:	bd dc       	rcall	.-1670   	; 0xd0 <tinyNeoPixel::setPixelColor(unsigned int, unsigned char, unsigned char, unsigned char) [clone .constprop.12]>
     756:	cf 3f       	cpi	r28, 0xFF	; 255
/home/david/firmware/firmware.ino:1097
    ledStrip.setPixelColor(secondLed, 30, 0, 0); // Ensure Red color
     758:	31 f0       	breq	.+12     	; 0x766 <knightRider(unsigned int)+0x4e>
     75a:	20 e0       	ldi	r18, 0x00	; 0
     75c:	40 e0       	ldi	r20, 0x00	; 0
     75e:	6e e1       	ldi	r22, 0x1E	; 30
     760:	8c 2f       	mov	r24, r28
     762:	90 e0       	ldi	r25, 0x00	; 0
     764:	b5 dc       	rcall	.-1686   	; 0xd0 <tinyNeoPixel::setPixelColor(unsigned int, unsigned char, unsigned char, unsigned char) [clone .constprop.12]>
/home/david/firmware/firmware.ino:1100
  }

  ledStrip.show();
     766:	4b dd       	rcall	.-1386   	; 0x1fe <tinyNeoPixel::show() [clone .constprop.14]>
     768:	84 e6       	ldi	r24, 0x64	; 100
/home/david/firmware/firmware.ino:1102
  return 100;
}
     76a:	df 91       	pop	r29
     76c:	cf 91       	pop	r28
     76e:	08 95       	ret

00000770 <loopingEyes(unsigned int, unsigned char, unsigned char, unsigned char) [clone .constprop.4]>:
_Z11loopingEyesjhhh.constprop.4():
     770:	0f 93       	push	r16
/home/david/firmware/firmware.ino:279
  }

  return elapsedMs;
}

uint8_t loopingEyes(uint16_t step, uint8_t red, uint8_t green, uint8_t blue)
     772:	1f 93       	push	r17
     774:	cf 93       	push	r28
     776:	df 93       	push	r29
     778:	ec 01       	movw	r28, r24
     77a:	16 2f       	mov	r17, r22
/home/david/firmware/firmware.ino:165
  }
}

void setAllLeds(RgbColor color, bool show = false)
{
  setAllLeds(color.red, color.green, color.blue, show);
     77c:	04 2f       	mov	r16, r20
setAllLeds():
     77e:	20 e0       	ldi	r18, 0x00	; 0
     780:	40 e0       	ldi	r20, 0x00	; 0
     782:	60 e0       	ldi	r22, 0x00	; 0
     784:	80 e0       	ldi	r24, 0x00	; 0
/home/david/firmware/firmware.ino:283

uint8_t loopingEyes(uint16_t step, uint8_t red, uint8_t green, uint8_t blue)
{
  setAllLeds(COLOR_OFF);

  const uint8_t ledIndex = step % 9;
     786:	a3 df       	rcall	.-186    	; 0x6ce <setAllLeds(unsigned char, unsigned char, unsigned char, bool)>
_Z11loopingEyesjhhh.constprop.4():
     788:	ce 01       	movw	r24, r28
     78a:	69 e0       	ldi	r22, 0x09	; 9
     78c:	70 e0       	ldi	r23, 0x00	; 0
     78e:	a8 d5       	rcall	.+2896   	; 0x12e0 <__udivmodhi4>
/home/david/firmware/firmware.ino:284
  ledStrip.setPixelColor(ledIndex, red, green, blue);
     790:	ec 01       	movw	r28, r24
     792:	20 2f       	mov	r18, r16
     794:	40 e0       	ldi	r20, 0x00	; 0
     796:	61 2f       	mov	r22, r17
     798:	9b dc       	rcall	.-1738   	; 0xd0 <tinyNeoPixel::setPixelColor(unsigned int, unsigned char, unsigned char, unsigned char) [clone .constprop.12]>
/home/david/firmware/firmware.ino:285
  ledStrip.setPixelColor(17 - ledIndex, red, green, blue);
     79a:	20 2f       	mov	r18, r16
     79c:	40 e0       	ldi	r20, 0x00	; 0
     79e:	61 2f       	mov	r22, r17
     7a0:	81 e1       	ldi	r24, 0x11	; 17
     7a2:	90 e0       	ldi	r25, 0x00	; 0
     7a4:	8c 1b       	sub	r24, r28
     7a6:	9d 0b       	sbc	r25, r29
     7a8:	93 dc       	rcall	.-1754   	; 0xd0 <tinyNeoPixel::setPixelColor(unsigned int, unsigned char, unsigned char, unsigned char) [clone .constprop.12]>
     7aa:	29 dd       	rcall	.-1454   	; 0x1fe <tinyNeoPixel::show() [clone .constprop.14]>
/home/david/firmware/firmware.ino:286
  ledStrip.show();
     7ac:	84 e6       	ldi	r24, 0x64	; 100
     7ae:	df 91       	pop	r29
/home/david/firmware/firmware.ino:289

  return 100;
}
     7b0:	cf 91       	pop	r28
     7b2:	1f 91       	pop	r17
     7b4:	0f 91       	pop	r16
     7b6:	08 95       	ret

000007b8 <digitalRead.constprop.23>:
digitalRead.constprop.23():
     7b8:	80 91 08 04 	lds	r24, 0x0408	; 0x800408 <digital_pin_to_bit_mask+0x7f7046>
/home/david/.arduino15/packages/megaTinyCore/hardware/megaavr/2.6.11/cores/megatinycore/wiring_digital.c:363

  /* Get port and check valid port */
  PORT_t *port = digitalPinToPortStruct(pin);

  /* Read pin value from PORTx.IN register */
  if (port->IN & bit_mask) {
     7bc:	83 fb       	bst	r24, 3
     7be:	88 27       	eor	r24, r24
/home/david/.arduino15/packages/megaTinyCore/hardware/megaavr/2.6.11/cores/megatinycore/wiring_digital.c:368
    return HIGH;
  } else {
    return LOW;
  }
}
     7c0:	80 f9       	bld	r24, 0
     7c2:	08 95       	ret

000007c4 <digitalWrite.constprop.7>:
digitalWrite.constprop.7():
     7c4:	94 e0       	ldi	r25, 0x04	; 4
     7c6:	81 11       	cpse	r24, r1
/home/david/.arduino15/packages/megaTinyCore/hardware/megaavr/2.6.11/cores/megatinycore/wiring_digital.c:256
  /* Set output to value
  This runs regardless of whether the pin is an output,
  allowing the pin to be staged with
  changed to an output. Code in the wild relies on this behavior. */
  if (val == LOW) { /* If LOW */
    port->OUTCLR = bit_mask;
     7c8:	16 c0       	rjmp	.+44     	; 0x7f6 <digitalWrite.constprop.7+0x32>
/home/david/.arduino15/packages/megaTinyCore/hardware/megaavr/2.6.11/cores/megatinycore/wiring_digital.c:255
  PORT_t *port = digitalPinToPortStruct(pin);
  /* Set output to value
  This runs regardless of whether the pin is an output,
  allowing the pin to be staged with
  changed to an output. Code in the wild relies on this behavior. */
  if (val == LOW) { /* If LOW */
     7ca:	90 93 26 04 	sts	0x0426, r25	; 0x800426 <digital_pin_to_bit_mask+0x7f7064>
/home/david/.arduino15/packages/megaTinyCore/hardware/megaavr/2.6.11/cores/megatinycore/wiring_digital.c:256
    port->OUTCLR = bit_mask;
     7ce:	90 91 20 04 	lds	r25, 0x0420	; 0x800420 <digital_pin_to_bit_mask+0x7f705e>
/home/david/.arduino15/packages/megaTinyCore/hardware/megaavr/2.6.11/cores/megatinycore/wiring_digital.c:280
  } else {
    port->OUTSET = bit_mask;
  }

  /* Input direction */
  if (!(port->DIR & bit_mask)) {
     7d2:	92 fd       	sbrc	r25, 2
     7d4:	0a c0       	rjmp	.+20     	; 0x7ea <digitalWrite.constprop.7+0x26>
     7d6:	9f b7       	in	r25, 0x3f	; 63
     7d8:	f8 94       	cli
/home/david/.arduino15/packages/megaTinyCore/hardware/megaavr/2.6.11/cores/megatinycore/wiring_digital.c:287
    uint8_t bit_pos = digitalPinToBitPosition(pin);
    /* Calculate where pin control register is */
    volatile uint8_t *pin_ctrl_reg = getPINnCTRLregister(port, bit_pos);

    /* Save system status and disable interrupts */
    uint8_t status = SREG;
     7da:	81 11       	cpse	r24, r1
/home/david/.arduino15/packages/megaTinyCore/hardware/megaavr/2.6.11/cores/megatinycore/wiring_digital.c:288
    cli();
     7dc:	0f c0       	rjmp	.+30     	; 0x7fc <digitalWrite.constprop.7+0x38>
/home/david/.arduino15/packages/megaTinyCore/hardware/megaavr/2.6.11/cores/megatinycore/wiring_digital.c:290

    if (val == LOW) {
     7de:	80 91 32 04 	lds	r24, 0x0432	; 0x800432 <digital_pin_to_bit_mask+0x7f7070>
/home/david/.arduino15/packages/megaTinyCore/hardware/megaavr/2.6.11/cores/megatinycore/wiring_digital.c:292
      /* Disable pullup */
      *pin_ctrl_reg &= ~PORT_PULLUPEN_bm;
     7e2:	87 7f       	andi	r24, 0xF7	; 247
     7e4:	80 93 32 04 	sts	0x0432, r24	; 0x800432 <digital_pin_to_bit_mask+0x7f7070>
/home/david/.arduino15/packages/megaTinyCore/hardware/megaavr/2.6.11/cores/megatinycore/wiring_digital.c:295
    } else {
      /* Enable pull-up */
      *pin_ctrl_reg |= PORT_PULLUPEN_bm;
     7e8:	9f bf       	out	0x3f, r25	; 63
turnOffPWM():
     7ea:	80 91 01 0a 	lds	r24, 0x0A01	; 0x800a01 <digital_pin_to_bit_mask+0x7f763f>
/home/david/.arduino15/packages/megaTinyCore/hardware/megaavr/2.6.11/cores/megatinycore/wiring_digital.c:142
          } else {
            // Otherwise, it's WO3-5. These will always be on 0b00hhh000,. Here since we ARE working with a high half timer, we need to just leftshift it once.
            bit_mask <<= 1;
          }
        #endif // End if 8 vs normal parts
        TCA0.SPLIT.CTRLB &= ~bit_mask;
     7ee:	8b 7f       	andi	r24, 0xFB	; 251
     7f0:	80 93 01 0a 	sts	0x0A01, r24	; 0x800a01 <digital_pin_to_bit_mask+0x7f763f>
digitalWrite.constprop.7():
     7f4:	08 95       	ret
     7f6:	90 93 25 04 	sts	0x0425, r25	; 0x800425 <digital_pin_to_bit_mask+0x7f7063>
/home/david/.arduino15/packages/megaTinyCore/hardware/megaavr/2.6.11/cores/megatinycore/wiring_digital.c:276
    // val will now be 0 (LOW) if the toggling made it LOW
    // or bit_mask if not. And further down, we only need to
    // know if it's
  /* If HIGH OR  > TOGGLE  */
  } else {
    port->OUTSET = bit_mask;
     7fa:	e9 cf       	rjmp	.-46     	; 0x7ce <digitalWrite.constprop.7+0xa>
     7fc:	80 91 32 04 	lds	r24, 0x0432	; 0x800432 <digital_pin_to_bit_mask+0x7f7070>
/home/david/.arduino15/packages/megaTinyCore/hardware/megaavr/2.6.11/cores/megatinycore/wiring_digital.c:295
    if (val == LOW) {
      /* Disable pullup */
      *pin_ctrl_reg &= ~PORT_PULLUPEN_bm;
    } else {
      /* Enable pull-up */
      *pin_ctrl_reg |= PORT_PULLUPEN_bm;
     800:	88 60       	ori	r24, 0x08	; 8
     802:	f0 cf       	rjmp	.-32     	; 0x7e4 <digitalWrite.constprop.7+0x20>

00000804 <pinMode>:
pinMode():
     804:	82 31       	cpi	r24, 0x12	; 18
     806:	f0 f4       	brcc	.+60     	; 0x844 <pinMode+0x40>
check_valid_digital_pin():
/home/david/.arduino15/packages/megaTinyCore/hardware/megaavr/2.6.11/cores/megatinycore/wiring_digital.c:44
}

void pinMode(uint8_t pin, uint8_t mode) {
  check_valid_digital_pin(pin);         /* generate compile error if a constant that is not a valid pin is used as the pin */
  check_valid_pin_mode(mode);           /* generate compile error if a constant that is not a valid pin mode is used as the mode */
  uint8_t bit_mask = digitalPinToBitMask(pin);
     808:	90 e0       	ldi	r25, 0x00	; 0
pinMode():
     80a:	fc 01       	movw	r30, r24
/home/david/.arduino15/packages/megaTinyCore/hardware/megaavr/2.6.11/cores/megatinycore/Arduino.h:888
#if !defined(NUM_TOTAL_PINS)
  #define NUM_TOTAL_PINS                (NUM_DIGITAL_PINS) /* Used the same way as NUM_DIGITAL_PINS. so it doesn't mean what it's named  - I didn't make the convention*/
#endif

inline __attribute__((always_inline)) void check_valid_digital_pin(pin_size_t pin) {
  if (__builtin_constant_p(pin)) {
     80c:	ee 53       	subi	r30, 0x3E	; 62
/home/david/.arduino15/packages/megaTinyCore/hardware/megaavr/2.6.11/cores/megatinycore/wiring_digital.c:44
     80e:	fc 46       	sbci	r31, 0x6C	; 108
     810:	20 81       	ld	r18, Z
     812:	2f 3f       	cpi	r18, 0xFF	; 255
     814:	b9 f0       	breq	.+46     	; 0x844 <pinMode+0x40>
/home/david/.arduino15/packages/megaTinyCore/hardware/megaavr/2.6.11/cores/megatinycore/wiring_digital.c:45
  if ((bit_mask == NOT_A_PIN) || (mode > INPUT_PULLUP)) {
     816:	fc 01       	movw	r30, r24
     818:	e0 55       	subi	r30, 0x50	; 80
/home/david/.arduino15/packages/megaTinyCore/hardware/megaavr/2.6.11/cores/megatinycore/wiring_digital.c:48
    return;                             /* ignore invalid pins passed at runtime */
  }
  volatile uint8_t * port_base = (volatile uint8_t *) (uint16_t) ((&PORTA) + digitalPinToPort(pin));
     81a:	fc 46       	sbci	r31, 0x6C	; 108
     81c:	e0 81       	ld	r30, Z
     81e:	30 e2       	ldi	r19, 0x20	; 32
     820:	e3 9f       	mul	r30, r19
     822:	f0 01       	movw	r30, r0
     824:	11 24       	eor	r1, r1
     826:	fc 5f       	subi	r31, 0xFC	; 252
     828:	61 30       	cpi	r22, 0x01	; 1
     82a:	69 f4       	brne	.+26     	; 0x846 <pinMode+0x42>
/home/david/.arduino15/packages/megaTinyCore/hardware/megaavr/2.6.11/cores/megatinycore/wiring_digital.c:49
  if (mode & 0x01) {
     82c:	21 83       	std	Z+1, r18	; 0x01
     82e:	82 56       	subi	r24, 0x62	; 98
/home/david/.arduino15/packages/megaTinyCore/hardware/megaavr/2.6.11/cores/megatinycore/wiring_digital.c:51
    // OUTPUT mode, so write DIRSET with the mask.
    *(port_base + 1) = bit_mask;
     830:	9c 46       	sbci	r25, 0x6C	; 108
/home/david/.arduino15/packages/megaTinyCore/hardware/megaavr/2.6.11/cores/megatinycore/wiring_digital.c:77
  // then load with displacement 2 clocks. IFF the compiler puts this pointer into Y or Z, it is faster and smaller
  // by 2 bytes and one clock. And let's hope it is, because the code above would suck too if it was in X.
  // Handwritten assembly that exploited the knowledge that there will never be a carry would save 1 word and 1 clock.
  // and could probably save at least several times that in initializing the port_base pointer. But if you're using
  // pinMode you probably don't care.
  port_base += (uint8_t) digitalPinToBitPosition(pin);
     832:	dc 01       	movw	r26, r24
     834:	8c 91       	ld	r24, X
     836:	e8 0f       	add	r30, r24
     838:	f1 1d       	adc	r31, r1
     83a:	80 89       	ldd	r24, Z+16	; 0x10
     83c:	61 30       	cpi	r22, 0x01	; 1
/home/david/.arduino15/packages/megaTinyCore/hardware/megaavr/2.6.11/cores/megatinycore/wiring_digital.c:78
  bit_mask = *(port_base + 0x10);
     83e:	29 f0       	breq	.+10     	; 0x84a <pinMode+0x46>
/home/david/.arduino15/packages/megaTinyCore/hardware/megaavr/2.6.11/cores/megatinycore/wiring_digital.c:79
  if (mode & 2) {
     840:	88 60       	ori	r24, 0x08	; 8
     842:	80 8b       	std	Z+16, r24	; 0x10
/home/david/.arduino15/packages/megaTinyCore/hardware/megaavr/2.6.11/cores/megatinycore/wiring_digital.c:80
    bit_mask |= 0x08;
     844:	08 95       	ret
/home/david/.arduino15/packages/megaTinyCore/hardware/megaavr/2.6.11/cores/megatinycore/wiring_digital.c:84
  } else {
    bit_mask &= 0xF7;
  }
  *(port_base + 0x10) = bit_mask;
     846:	22 83       	std	Z+2, r18	; 0x02
/home/david/.arduino15/packages/megaTinyCore/hardware/megaavr/2.6.11/cores/megatinycore/wiring_digital.c:85
}
     848:	f2 cf       	rjmp	.-28     	; 0x82e <pinMode+0x2a>
/home/david/.arduino15/packages/megaTinyCore/hardware/megaavr/2.6.11/cores/megatinycore/wiring_digital.c:53
  volatile uint8_t * port_base = (volatile uint8_t *) (uint16_t) ((&PORTA) + digitalPinToPort(pin));
  if (mode & 0x01) {
    // OUTPUT mode, so write DIRSET with the mask.
    *(port_base + 1) = bit_mask;
  } else { // otherwise it's input so we write DIRCLR
    *(port_base + 2) = bit_mask;
     84a:	87 7f       	andi	r24, 0xF7	; 247
     84c:	fa cf       	rjmp	.-12     	; 0x842 <pinMode+0x3e>

0000084e <__vector_15>:
__vector_15():
/home/david/.arduino15/packages/megaTinyCore/hardware/megaavr/2.6.11/cores/megatinycore/wiring_digital.c:82
  port_base += (uint8_t) digitalPinToBitPosition(pin);
  bit_mask = *(port_base + 0x10);
  if (mode & 2) {
    bit_mask |= 0x08;
  } else {
    bit_mask &= 0xF7;
     84e:	8f 93       	push	r24
     850:	81 e0       	ldi	r24, 0x01	; 1
/home/david/.arduino15/packages/megaTinyCore/hardware/megaavr/2.6.11/cores/megatinycore/wiring_micros_ISR.h:839
  #else
    ISR(MILLIS_TIMER_VECTOR, ISR_NAKED) {
      // Common Interrupt header for TCB, TCA and TCD;
      // Clears the Timer Interrupt flag and pushes the CPU Registers
      // 7 words / 7 clocks
      __asm__ __volatile__(
     852:	80 93 8d 0a 	sts	0x0A8D, r24	; 0x800a8d <digital_pin_to_bit_mask+0x7f76cb>
     856:	8f b7       	in	r24, 0x3f	; 63
     858:	8f 93       	push	r24
     85a:	ef 93       	push	r30
     85c:	ff 93       	push	r31
     85e:	eb ed       	ldi	r30, 0xDB	; 219
     860:	f8 e3       	ldi	r31, 0x38	; 56
/home/david/.arduino15/packages/megaTinyCore/hardware/megaavr/2.6.11/cores/megatinycore/wiring_micros_ISR.h:950
        [MIINC]  "M" ((0x0000 - MILLIS_INC) & 0xFF),
        [MINCD]  "M" ((0xFFFF - MILLIS_INC) & 0xFF)
      );
  */

      __asm__ __volatile__(
     862:	9f 93       	push	r25
     864:	68 94       	set
     866:	8f ef       	ldi	r24, 0xFF	; 255
     868:	0d c0       	rjmp	.+26     	; 0x884 <sub4>

0000086a <ovf_end>:
     86a:	e8 94       	clt
     86c:	84 81       	ldd	r24, Z+4	; 0x04
     86e:	95 81       	ldd	r25, Z+5	; 0x05
     870:	80 5d       	subi	r24, 0xD0	; 208
     872:	9c 4f       	sbci	r25, 0xFC	; 252
     874:	84 83       	std	Z+4, r24	; 0x04
     876:	95 83       	std	Z+5, r25	; 0x05
     878:	88 5e       	subi	r24, 0xE8	; 232
     87a:	93 40       	sbci	r25, 0x03	; 3
     87c:	80 f0       	brcs	.+32     	; 0x89e <sub_end>
     87e:	84 83       	std	Z+4, r24	; 0x04
     880:	95 83       	std	Z+5, r25	; 0x05
     882:	8f ef       	ldi	r24, 0xFF	; 255

00000884 <sub4>:
     884:	90 81       	ld	r25, Z
     886:	98 1b       	sub	r25, r24
     888:	91 93       	st	Z+, r25
     88a:	90 81       	ld	r25, Z
     88c:	9f 4f       	sbci	r25, 0xFF	; 255
     88e:	91 93       	st	Z+, r25
     890:	90 81       	ld	r25, Z
     892:	9f 4f       	sbci	r25, 0xFF	; 255
     894:	91 93       	st	Z+, r25
     896:	90 81       	ld	r25, Z
     898:	9f 4f       	sbci	r25, 0xFF	; 255
     89a:	91 93       	st	Z+, r25
     89c:	36 f3       	brts	.-52     	; 0x86a <ovf_end>

0000089e <sub_end>:
     89e:	9f 91       	pop	r25
     8a0:	ff 91       	pop	r31
     8a2:	ef 91       	pop	r30
/home/david/.arduino15/packages/megaTinyCore/hardware/megaavr/2.6.11/cores/megatinycore/wiring_micros_ISR.h:1012
        [MINCD]  "M" ((0xFFFF - MILLIS_INC) & 0xFF)
      );
    #endif /* (defined(MILLIS_USE_TIMERB0) || defined(MILLIS_USE_TIMERB1) || defined(MILLIS_USE_TIMERB2) || defined(MILLIS_USE_TIMERB3) || defined(MILLIS_USE_TIMERB4)) */
    // Common ISR Epilogue for TCA, TCB and TCD, popping register in reverse Order
    // 6 words, 14 clocks
    __asm__ __volatile__(
     8a4:	8f 91       	pop	r24
     8a6:	8f bf       	out	0x3f, r24	; 63
     8a8:	8f 91       	pop	r24
     8aa:	18 95       	reti

000008ac <__vector_20>:
__vector_20():
     8ac:	1f 92       	push	r1
     8ae:	0f 92       	push	r0
/home/david/Arduino/libraries/ptc_touch/src/ptc_touch.c:998
  return PTC_LIB_SUCCESS;
}


#if defined(__PTC_Tiny__)
ISR(ADC0_RESRDY_vect) {
     8b0:	0f b6       	in	r0, 0x3f	; 63
     8b2:	0f 92       	push	r0
     8b4:	11 24       	eor	r1, r1
     8b6:	2f 93       	push	r18
     8b8:	3f 93       	push	r19
     8ba:	4f 93       	push	r20
     8bc:	5f 93       	push	r21
     8be:	6f 93       	push	r22
     8c0:	7f 93       	push	r23
     8c2:	8f 93       	push	r24
     8c4:	9f 93       	push	r25
     8c6:	af 93       	push	r26
     8c8:	bf 93       	push	r27
     8ca:	cf 93       	push	r28
     8cc:	df 93       	push	r29
     8ce:	ef 93       	push	r30
     8d0:	ff 93       	push	r31
ptc_eoc():
     8d2:	c0 e0       	ldi	r28, 0x00	; 0
     8d4:	d6 e0       	ldi	r29, 0x06	; 6
/home/david/Arduino/libraries/ptc_touch/src/ptc_touch.c:933
}

void ptc_eoc(void) {
  PTC_t *pPTC;
  volatile cap_sensor_t *pCurrentNode;  // volatile nedded to pass type check
  _fastPtr_d(pPTC,&PTC);
     8d6:	e0 91 3f 38 	lds	r30, 0x383F	; 0x80383f <currConvNode>
/home/david/Arduino/libraries/ptc_touch/src/ptc_touch.c:934
  _fastPtr_d(pCurrentNode,currConvNode);
     8da:	f0 91 40 38 	lds	r31, 0x3840	; 0x803840 <currConvNode+0x1>
     8de:	30 97       	sbiw	r30, 0x00	; 0
     8e0:	f1 f0       	breq	.+60     	; 0x91e <__vector_20+0x72>
/home/david/Arduino/libraries/ptc_touch/src/ptc_touch.c:936

  if (NULL == pCurrentNode)
     8e2:	18 82       	st	Y, r1
     8e4:	3b 85       	ldd	r19, Y+11	; 0x0b
/home/david/Arduino/libraries/ptc_touch/src/ptc_touch.c:939
    return;

  pPTC->CTRLA = 0x00;
     8e6:	88 89       	ldd	r24, Y+16	; 0x10
/home/david/Arduino/libraries/ptc_touch/src/ptc_touch.c:940
  uint8_t flags = pPTC->INTFLAGS; // save the flags before they get cleared by RES read
     8e8:	99 89       	ldd	r25, Y+17	; 0x11
/home/david/Arduino/libraries/ptc_touch/src/ptc_touch.c:941
  uint16_t rawVal =  pPTC->RES;   // clears ISR flags
     8ea:	24 85       	ldd	r18, Z+12	; 0x0c
     8ec:	2f 70       	andi	r18, 0x0F	; 15
/home/david/Arduino/libraries/ptc_touch/src/ptc_touch.c:942
  uint8_t oversampling = pCurrentNode->hw_a_d_gain  & 0x0F;
     8ee:	02 c0       	rjmp	.+4      	; 0x8f4 <__vector_20+0x48>
     8f0:	96 95       	lsr	r25
/home/david/Arduino/libraries/ptc_touch/src/ptc_touch.c:943
  pCurrentNode->sensorData = rawVal >> oversampling;
     8f2:	87 95       	ror	r24
     8f4:	2a 95       	dec	r18
     8f6:	e2 f7       	brpl	.-8      	; 0x8f0 <__vector_20+0x44>
     8f8:	87 87       	std	Z+15, r24	; 0x0f
     8fa:	90 8b       	std	Z+16, r25	; 0x10
     8fc:	86 85       	ldd	r24, Z+14	; 0x0e
     8fe:	88 60       	ori	r24, 0x08	; 8
/home/david/Arduino/libraries/ptc_touch/src/ptc_touch.c:946
  
  //currConvNode->sensorData = pPTC->RES_TRUE;
  pCurrentNode->state.data_ready = 1;
     900:	86 87       	std	Z+14, r24	; 0x0e
     902:	86 85       	ldd	r24, Z+14	; 0x0e
     904:	82 ff       	sbrs	r24, 2
/home/david/Arduino/libraries/ptc_touch/src/ptc_touch.c:948

  if (pCurrentNode->state.low_power) {
     906:	23 c0       	rjmp	.+70     	; 0x94e <__vector_20+0xa2>
     908:	86 85       	ldd	r24, Z+14	; 0x0e
     90a:	31 ff       	sbrs	r19, 1
/home/david/Arduino/libraries/ptc_touch/src/ptc_touch.c:950
    if (flags & ADC_WCMP_bm) {
      pCurrentNode->state.win_comp = 1; 
     90c:	1b c0       	rjmp	.+54     	; 0x944 <__vector_20+0x98>
/home/david/Arduino/libraries/ptc_touch/src/ptc_touch.c:949
  
  //currConvNode->sensorData = pPTC->RES_TRUE;
  pCurrentNode->state.data_ready = 1;

  if (pCurrentNode->state.low_power) {
    if (flags & ADC_WCMP_bm) {
     90e:	82 60       	ori	r24, 0x02	; 2
     910:	86 87       	std	Z+14, r24	; 0x0e
/home/david/Arduino/libraries/ptc_touch/src/ptc_touch.c:950
      pCurrentNode->state.win_comp = 1; 
     912:	80 e1       	ldi	r24, 0x10	; 16
     914:	90 e0       	ldi	r25, 0x00	; 0
/home/david/Arduino/libraries/ptc_touch/src/ptc_touch.c:951
      ptc_lib_state = PTC_LIB_CONV_WCMP;
     916:	80 93 3d 38 	sts	0x383D, r24	; 0x80383d <ptc_lib_state>
/home/david/Arduino/libraries/ptc_touch/src/ptc_touch.c:954
    } else {
      pCurrentNode->state.win_comp = 0;
      ptc_lib_state = PTC_LIB_CONV_LP;
     91a:	90 93 3e 38 	sts	0x383E, r25	; 0x80383e <ptc_lib_state+0x1>
__vector_20():
     91e:	ff 91       	pop	r31
     920:	ef 91       	pop	r30
/home/david/Arduino/libraries/ptc_touch/src/ptc_touch.c:1000


#if defined(__PTC_Tiny__)
ISR(ADC0_RESRDY_vect) {
  ptc_eoc();
}
     922:	df 91       	pop	r29
     924:	cf 91       	pop	r28
     926:	bf 91       	pop	r27
     928:	af 91       	pop	r26
     92a:	9f 91       	pop	r25
     92c:	8f 91       	pop	r24
     92e:	7f 91       	pop	r23
     930:	6f 91       	pop	r22
     932:	5f 91       	pop	r21
     934:	4f 91       	pop	r20
     936:	3f 91       	pop	r19
     938:	2f 91       	pop	r18
     93a:	0f 90       	pop	r0
     93c:	0f be       	out	0x3f, r0	; 63
     93e:	0f 90       	pop	r0
     940:	1f 90       	pop	r1
     942:	18 95       	reti
ptc_eoc():
     944:	8d 7f       	andi	r24, 0xFD	; 253
/home/david/Arduino/libraries/ptc_touch/src/ptc_touch.c:953
  if (pCurrentNode->state.low_power) {
    if (flags & ADC_WCMP_bm) {
      pCurrentNode->state.win_comp = 1; 
      ptc_lib_state = PTC_LIB_CONV_WCMP;
    } else {
      pCurrentNode->state.win_comp = 0;
     946:	86 87       	std	Z+14, r24	; 0x0e
     948:	88 e0       	ldi	r24, 0x08	; 8
/home/david/Arduino/libraries/ptc_touch/src/ptc_touch.c:954
      ptc_lib_state = PTC_LIB_CONV_LP;
     94a:	90 e0       	ldi	r25, 0x00	; 0
     94c:	e4 cf       	rjmp	.-56     	; 0x916 <__vector_20+0x6a>
     94e:	80 81       	ld	r24, Z
/home/david/Arduino/libraries/ptc_touch/src/ptc_touch.c:958
    }
    
  } else {
    ptc_start_conversion(pCurrentNode->nextNode);
     950:	91 81       	ldd	r25, Z+1	; 0x01
     952:	06 dd       	rcall	.-1524   	; 0x360 <ptc_start_conversion>
     954:	e4 cf       	rjmp	.-56     	; 0x91e <__vector_20+0x72>

00000956 <__vector_21>:
__vector_21():
     956:	1f 92       	push	r1
     958:	0f 92       	push	r0
     95a:	0f b6       	in	r0, 0x3f	; 63
     95c:	0f 92       	push	r0
     95e:	11 24       	eor	r1, r1
     960:	2f 93       	push	r18
     962:	3f 93       	push	r19
     964:	4f 93       	push	r20
     966:	5f 93       	push	r21
     968:	6f 93       	push	r22
     96a:	7f 93       	push	r23
     96c:	8f 93       	push	r24
     96e:	9f 93       	push	r25
     970:	af 93       	push	r26
     972:	bf 93       	push	r27
     974:	ef 93       	push	r30
     976:	ff 93       	push	r31
     978:	99 df       	rcall	.-206    	; 0x8ac <__vector_20>
     97a:	ff 91       	pop	r31
     97c:	ef 91       	pop	r30
     97e:	bf 91       	pop	r27
     980:	af 91       	pop	r26
     982:	9f 91       	pop	r25
     984:	8f 91       	pop	r24
     986:	7f 91       	pop	r23
     988:	6f 91       	pop	r22
     98a:	5f 91       	pop	r21
     98c:	4f 91       	pop	r20
     98e:	3f 91       	pop	r19
     990:	2f 91       	pop	r18
     992:	0f 90       	pop	r0
     994:	0f be       	out	0x3f, r0	; 63
     996:	0f 90       	pop	r0
     998:	1f 90       	pop	r1
     99a:	18 95       	reti

0000099c <__vector_7>:
__vector_7():
     99c:	1f 92       	push	r1
     99e:	0f 92       	push	r0
/home/david/firmware/firmware.ino:250
    while (true) { }
  }
}

ISR(RTC_PIT_vect)
{
     9a0:	0f b6       	in	r0, 0x3f	; 63
     9a2:	0f 92       	push	r0
     9a4:	11 24       	eor	r1, r1
     9a6:	cf 92       	push	r12
     9a8:	df 92       	push	r13
     9aa:	ef 92       	push	r14
     9ac:	ff 92       	push	r15
     9ae:	2f 93       	push	r18
     9b0:	3f 93       	push	r19
     9b2:	4f 93       	push	r20
     9b4:	5f 93       	push	r21
     9b6:	6f 93       	push	r22
     9b8:	7f 93       	push	r23
     9ba:	8f 93       	push	r24
     9bc:	9f 93       	push	r25
     9be:	af 93       	push	r26
     9c0:	bf 93       	push	r27
     9c2:	cf 93       	push	r28
     9c4:	df 93       	push	r29
     9c6:	ef 93       	push	r30
     9c8:	ff 93       	push	r31
     9ca:	81 e0       	ldi	r24, 0x01	; 1
     9cc:	80 93 53 01 	sts	0x0153, r24	; 0x800153 <digital_pin_to_bit_mask+0x7f6d91>
/home/david/firmware/firmware.ino:251
  RTC.PITINTFLAGS = RTC_PI_bm;
     9d0:	80 91 da 38 	lds	r24, 0x38DA	; 0x8038da <shouldProcessPtc>
/home/david/firmware/firmware.ino:253

  if (shouldProcessPtc) {
     9d4:	88 23       	and	r24, r24
     9d6:	09 f4       	brne	.+2      	; 0x9da <__vector_7+0x3e>
     9d8:	8e c0       	rjmp	.+284    	; 0xaf6 <__vector_7+0x15a>
millis():
     9da:	8f b7       	in	r24, 0x3f	; 63
     9dc:	f8 94       	cli
/home/david/.arduino15/packages/megaTinyCore/hardware/megaavr/2.6.11/cores/megatinycore/wiring.c:167
  unsigned long millis() {
    // return timer_overflow_count; // for debugging timekeeping issues where these variables are out of scope from the sketch
    unsigned long m;
    // disable interrupts while we read timer_millis or we might get an
    // inconsistent value (e.g. in the middle of a write to timer_millis)
    uint8_t oldSREG = SREG;
     9de:	c0 90 df 38 	lds	r12, 0x38DF	; 0x8038df <timingStruct+0x4>
/home/david/.arduino15/packages/megaTinyCore/hardware/megaavr/2.6.11/cores/megatinycore/wiring.c:182
        if (!(rtccount & 0x8000)) m += 64000;
      }
      SREG = oldSREG;
      m += rtccount - (rtccount >> 5) + (rtccount >> 7);
    #else
      m = timingStruct.timer_millis;
     9e2:	d0 90 e0 38 	lds	r13, 0x38E0	; 0x8038e0 <timingStruct+0x5>
     9e6:	e0 90 e1 38 	lds	r14, 0x38E1	; 0x8038e1 <timingStruct+0x6>
     9ea:	f0 90 e2 38 	lds	r15, 0x38E2	; 0x8038e2 <timingStruct+0x7>
     9ee:	8f bf       	out	0x3f, r24	; 63
ptc_process():
     9f0:	80 91 3d 38 	lds	r24, 0x383D	; 0x80383d <ptc_lib_state>
/home/david/Arduino/libraries/ptc_touch/src/ptc_touch.c:431


// pass the time, e.g. return value of millis to the function instead of hving a
// millis in here. improves portability
void ptc_process (uint16_t currTime) {
  if ((PTC_LIB_CONV_WCMP | PTC_LIB_CONV_LP) & ptc_lib_state) {
     9f4:	90 91 3e 38 	lds	r25, 0x383E	; 0x80383e <ptc_lib_state+0x1>
     9f8:	88 71       	andi	r24, 0x18	; 24
     9fa:	99 27       	eor	r25, r25
     9fc:	89 2b       	or	r24, r25
     9fe:	09 f4       	brne	.+2      	; 0xa02 <__vector_7+0x66>
     a00:	9b c0       	rjmp	.+310    	; 0xb38 <__vector_7+0x19c>
     a02:	80 91 39 38 	lds	r24, 0x3839	; 0x803839 <lowPowerNode>
/home/david/Arduino/libraries/ptc_touch/src/ptc_touch.c:432
    if (NULL != lowPowerNode) {
     a06:	90 91 3a 38 	lds	r25, 0x383A	; 0x80383a <lowPowerNode+0x1>
     a0a:	00 97       	sbiw	r24, 0x00	; 0
     a0c:	a1 f0       	breq	.+40     	; 0xa36 <__vector_7+0x9a>
     a0e:	20 91 3d 38 	lds	r18, 0x383D	; 0x80383d <ptc_lib_state>
/home/david/Arduino/libraries/ptc_touch/src/ptc_touch.c:433
      if (PTC_LIB_CONV_WCMP == ptc_lib_state) {
     a12:	30 91 3e 38 	lds	r19, 0x383E	; 0x80383e <ptc_lib_state+0x1>
     a16:	08 dd       	rcall	.-1520   	; 0x428 <ptc_process_measurement>
/home/david/Arduino/libraries/ptc_touch/src/ptc_touch.c:438
        ptc_event_callback(PTC_CB_EVENT_WAKE_TOUCH, lowPowerNode);
      } else {
        ptc_event_callback(PTC_CB_EVENT_WAKE_NO_TOUCH, lowPowerNode);
      }
      ptc_process_measurement(lowPowerNode);
     a18:	80 91 39 38 	lds	r24, 0x3839	; 0x803839 <lowPowerNode>
/home/david/Arduino/libraries/ptc_touch/src/ptc_touch.c:439
      if (NULL == lowPowerNode) { // Due to callbacks, low Power node may have been set to NULL by a disable
     a1c:	90 91 3a 38 	lds	r25, 0x383A	; 0x80383a <lowPowerNode+0x1>
     a20:	89 2b       	or	r24, r25
     a22:	09 f0       	breq	.+2      	; 0xa26 <__vector_7+0x8a>
     a24:	7f c0       	rjmp	.+254    	; 0xb24 <__vector_7+0x188>
     a26:	10 92 3b 38 	sts	0x383B, r1	; 0x80383b <currConvType>
/home/david/Arduino/libraries/ptc_touch/src/ptc_touch.c:440
        currConvType = NODE_TYPE_NOCONV_bm;
     a2a:	10 92 3c 38 	sts	0x383C, r1	; 0x80383c <currConvType+0x1>
     a2e:	10 92 3d 38 	sts	0x383D, r1	; 0x80383d <ptc_lib_state>
/home/david/Arduino/libraries/ptc_touch/src/ptc_touch.c:441
        ptc_lib_state = PTC_LIB_IDLE;
     a32:	10 92 3e 38 	sts	0x383E, r1	; 0x80383e <ptc_lib_state+0x1>
     a36:	80 91 01 38 	lds	r24, 0x3801	; 0x803801 <lastAcqTime>
/home/david/Arduino/libraries/ptc_touch/src/ptc_touch.c:456
    }
    ptc_event_callback((PTC_CB_EVENT_CONV_CMPL | currConvType), (cap_sensor_t *)currConvNode);
    currConvType = NODE_TYPE_NOCONV_bm;
  }

  if ((currTime - lastAcqTime) >= acqPeriod) {
     a3a:	90 91 02 38 	lds	r25, 0x3802	; 0x803802 <lastAcqTime+0x1>
     a3e:	c8 1a       	sub	r12, r24
     a40:	d9 0a       	sbc	r13, r25
     a42:	24 e1       	ldi	r18, 0x14	; 20
     a44:	c2 16       	cp	r12, r18
     a46:	d1 04       	cpc	r13, r1
     a48:	08 f4       	brcc	.+2      	; 0xa4c <__vector_7+0xb0>
     a4a:	55 c0       	rjmp	.+170    	; 0xaf6 <__vector_7+0x15a>
     a4c:	44 96       	adiw	r24, 0x14	; 20
     a4e:	80 93 01 38 	sts	0x3801, r24	; 0x803801 <lastAcqTime>
/home/david/Arduino/libraries/ptc_touch/src/ptc_touch.c:457
    lastAcqTime += acqPeriod;
     a52:	90 93 02 38 	sts	0x3802, r25	; 0x803802 <lastAcqTime+0x1>
     a56:	80 91 3d 38 	lds	r24, 0x383D	; 0x80383d <ptc_lib_state>
/home/david/Arduino/libraries/ptc_touch/src/ptc_touch.c:458
    if (PTC_LIB_IDLE == ptc_lib_state) {
     a5a:	90 91 3e 38 	lds	r25, 0x383E	; 0x80383e <ptc_lib_state+0x1>
     a5e:	89 2b       	or	r24, r25
     a60:	09 f0       	breq	.+2      	; 0xa64 <__vector_7+0xc8>
     a62:	49 c0       	rjmp	.+146    	; 0xaf6 <__vector_7+0x15a>
ptc_init_conversion():
     a64:	e0 e0       	ldi	r30, 0x00	; 0
     a66:	f6 e0       	ldi	r31, 0x06	; 6
/home/david/Arduino/libraries/ptc_touch/src/ptc_touch.c:775
}


void ptc_init_conversion(uint8_t nodeType) {
  PTC_t *pPTC;
  _fastPtr_d(pPTC,&PTC);
     a68:	80 91 3d 38 	lds	r24, 0x383D	; 0x80383d <ptc_lib_state>
/home/david/Arduino/libraries/ptc_touch/src/ptc_touch.c:777

  if (ptc_lib_state != PTC_LIB_IDLE)
     a6c:	90 91 3e 38 	lds	r25, 0x383E	; 0x80383e <ptc_lib_state+0x1>
     a70:	89 2b       	or	r24, r25
     a72:	09 f0       	breq	.+2      	; 0xa76 <__vector_7+0xda>
     a74:	40 c0       	rjmp	.+128    	; 0xaf6 <__vector_7+0x15a>
ptc_process():
     a76:	c0 91 41 38 	lds	r28, 0x3841	; 0x803841 <firstNode>
/home/david/Arduino/libraries/ptc_touch/src/ptc_touch.c:461
  if ((currTime - lastAcqTime) >= acqPeriod) {
    lastAcqTime += acqPeriod;
    if (PTC_LIB_IDLE == ptc_lib_state) {
      uint8_t convType;
      if (nextConvType == 0) {
        convType = firstNode->type;
     a7a:	d0 91 42 38 	lds	r29, 0x3842	; 0x803842 <firstNode+0x1>
     a7e:	2a 81       	ldd	r18, Y+2	; 0x02
     a80:	3b 81       	ldd	r19, Y+3	; 0x03
ptc_init_conversion():
     a82:	10 8e       	std	Z+24, r1	; 0x18
     a84:	80 ee       	ldi	r24, 0xE0	; 224
/home/david/Arduino/libraries/ptc_touch/src/ptc_touch.c:781

  if (ptc_lib_state != PTC_LIB_IDLE)
    return;
  
#if defined (__PTC_Tiny__)
  pPTC->CTRLP = 0x00;
     a86:	21 30       	cpi	r18, 0x01	; 1
/home/david/Arduino/libraries/ptc_touch/src/ptc_touch.c:783
  if (nodeType == NODE_MUTUAL_bm) {  /* NODE_MUTUAL */
    pPTC->CTRLP    = 0xC0 | 0x20;
     a88:	21 f0       	breq	.+8      	; 0xa92 <__vector_7+0xf6>
/home/david/Arduino/libraries/ptc_touch/src/ptc_touch.c:782
  if (ptc_lib_state != PTC_LIB_IDLE)
    return;
  
#if defined (__PTC_Tiny__)
  pPTC->CTRLP = 0x00;
  if (nodeType == NODE_MUTUAL_bm) {  /* NODE_MUTUAL */
     a8a:	24 30       	cpi	r18, 0x04	; 4
     a8c:	09 f0       	breq	.+2      	; 0xa90 <__vector_7+0xf4>
/home/david/Arduino/libraries/ptc_touch/src/ptc_touch.c:785
    pPTC->CTRLP    = 0xC0 | 0x20;
    pPTC->SHIELD  = 0x00;
  } else if (nodeType == NODE_SELFCAP_bm){  /* NODE_SELFCAP */
     a8e:	70 c0       	rjmp	.+224    	; 0xb70 <__vector_7+0x1d4>
     a90:	88 e2       	ldi	r24, 0x28	; 40
     a92:	80 8f       	std	Z+24, r24	; 0x18
/home/david/Arduino/libraries/ptc_touch/src/ptc_touch.c:786
    pPTC->CTRLP  = 0x28;
     a94:	16 8e       	std	Z+30, r1	; 0x1e
     a96:	10 82       	st	Z, r1
/home/david/Arduino/libraries/ptc_touch/src/ptc_touch.c:787
    pPTC->SHIELD = 0x00;
     a98:	13 82       	std	Z+3, r1	; 0x03
/home/david/Arduino/libraries/ptc_touch/src/ptc_touch.c:795
    pPTC->SHIELD = 0x86;
  } else {
    return;
  }

  pPTC->CTRLA = 0x00;
     a9a:	83 e0       	ldi	r24, 0x03	; 3
/home/david/Arduino/libraries/ptc_touch/src/ptc_touch.c:800

  uint8_t freq = freq_select;
  if (freq > 0x0F) /* FREQ_SELECT_15 */
    freq = ADC_ASDV_bm;
  pPTC->CTRLD = freq;
     a9c:	83 87       	std	Z+11, r24	; 0x0b
/home/david/Arduino/libraries/ptc_touch/src/ptc_touch.c:801
  pPTC->INTFLAGS = ADC_RESRDY_bm | ADC_WCMP_bm; // clear ISR flags, if there were unhandled
     a9e:	33 27       	eor	r19, r19
     aa0:	20 93 3b 38 	sts	0x383B, r18	; 0x80383b <currConvType>
/home/david/Arduino/libraries/ptc_touch/src/ptc_touch.c:803

  currConvType = nodeType;
     aa4:	30 93 3c 38 	sts	0x383C, r19	; 0x80383c <currConvType+0x1>
     aa8:	a0 91 39 38 	lds	r26, 0x3839	; 0x803839 <lowPowerNode>
/home/david/Arduino/libraries/ptc_touch/src/ptc_touch.c:804
  if (NULL != lowPowerNode) {
     aac:	b0 91 3a 38 	lds	r27, 0x383A	; 0x80383a <lowPowerNode+0x1>
     ab0:	10 97       	sbiw	r26, 0x00	; 0
     ab2:	09 f4       	brne	.+2      	; 0xab6 <__vector_7+0x11a>
     ab4:	65 c0       	rjmp	.+202    	; 0xb80 <__vector_7+0x1e4>
     ab6:	82 e0       	ldi	r24, 0x02	; 2
     ab8:	82 87       	std	Z+10, r24	; 0x0a
/home/david/Arduino/libraries/ptc_touch/src/ptc_touch.c:805
    pPTC->INTCTRL = ADC_WCMP_bm;  // Wakeup only above of window
     aba:	84 83       	std	Z+4, r24	; 0x04
     abc:	51 96       	adiw	r26, 0x11	; 17
/home/david/Arduino/libraries/ptc_touch/src/ptc_touch.c:806
    pPTC->CTRLE = ADC_WINCM_ABOVE_gc;
     abe:	8d 91       	ld	r24, X+
/home/david/Arduino/libraries/ptc_touch/src/ptc_touch.c:807
    pPTC->WINHT = (lowPowerNode->reference + lowPowerNode->touch_in_th) << (lowPowerNode->hw_a_d_gain & 0x0F);
     ac0:	9c 91       	ld	r25, X
     ac2:	52 97       	sbiw	r26, 0x12	; 18
     ac4:	53 96       	adiw	r26, 0x13	; 19
     ac6:	2d 91       	ld	r18, X+
     ac8:	3c 91       	ld	r19, X
     aca:	54 97       	sbiw	r26, 0x14	; 20
     acc:	82 0f       	add	r24, r18
     ace:	93 1f       	adc	r25, r19
     ad0:	1c 96       	adiw	r26, 0x0c	; 12
     ad2:	2c 91       	ld	r18, X
     ad4:	1c 97       	sbiw	r26, 0x0c	; 12
     ad6:	2f 70       	andi	r18, 0x0F	; 15
     ad8:	02 c0       	rjmp	.+4      	; 0xade <__vector_7+0x142>
     ada:	88 0f       	add	r24, r24
     adc:	99 1f       	adc	r25, r25
     ade:	2a 95       	dec	r18
     ae0:	e2 f7       	brpl	.-8      	; 0xada <__vector_7+0x13e>
     ae2:	84 8b       	std	Z+20, r24	; 0x14
     ae4:	95 8b       	std	Z+21, r25	; 0x15
     ae6:	84 e0       	ldi	r24, 0x04	; 4
/home/david/Arduino/libraries/ptc_touch/src/ptc_touch.c:808
    ptc_lib_state = PTC_LIB_EVENT;
     ae8:	90 e0       	ldi	r25, 0x00	; 0
     aea:	80 93 3d 38 	sts	0x383D, r24	; 0x80383d <ptc_lib_state>
     aee:	90 93 3e 38 	sts	0x383E, r25	; 0x80383e <ptc_lib_state+0x1>
     af2:	cd 01       	movw	r24, r26
/home/david/Arduino/libraries/ptc_touch/src/ptc_touch.c:809
    ptc_start_conversion(lowPowerNode);
     af4:	35 dc       	rcall	.-1942   	; 0x360 <ptc_start_conversion>
__vector_7():
/home/david/Arduino/libraries/ptc_touch/src/ptc_touch.c:814
  } else {
    pPTC->INTCTRL = ADC_RESRDY_bm;
    pPTC->CTRLE = ADC_WINCM_NONE_gc;
    ptc_lib_state = PTC_LIB_CONV_PROG;
    ptc_start_conversion(firstNode);
     af6:	ff 91       	pop	r31
     af8:	ef 91       	pop	r30
/home/david/firmware/firmware.ino:256
    ptc_process(millis());
  }
}
     afa:	df 91       	pop	r29
     afc:	cf 91       	pop	r28
     afe:	bf 91       	pop	r27
     b00:	af 91       	pop	r26
     b02:	9f 91       	pop	r25
     b04:	8f 91       	pop	r24
     b06:	7f 91       	pop	r23
     b08:	6f 91       	pop	r22
     b0a:	5f 91       	pop	r21
     b0c:	4f 91       	pop	r20
     b0e:	3f 91       	pop	r19
     b10:	2f 91       	pop	r18
     b12:	ff 90       	pop	r15
     b14:	ef 90       	pop	r14
     b16:	df 90       	pop	r13
     b18:	cf 90       	pop	r12
     b1a:	0f 90       	pop	r0
     b1c:	0f be       	out	0x3f, r0	; 63
     b1e:	0f 90       	pop	r0
     b20:	1f 90       	pop	r1
     b22:	18 95       	reti
ptc_process():
     b24:	82 e0       	ldi	r24, 0x02	; 2
     b26:	80 93 0a 06 	sts	0x060A, r24	; 0x80060a <digital_pin_to_bit_mask+0x7f7248>
/home/david/Arduino/libraries/ptc_touch/src/ptc_touch.c:443
      ptc_process_measurement(lowPowerNode);
      if (NULL == lowPowerNode) { // Due to callbacks, low Power node may have been set to NULL by a disable
        currConvType = NODE_TYPE_NOCONV_bm;
        ptc_lib_state = PTC_LIB_IDLE;
      } else {
        PTC.INTCTRL = ADC_WCMP_bm;
     b2a:	84 e0       	ldi	r24, 0x04	; 4
     b2c:	90 e0       	ldi	r25, 0x00	; 0
/home/david/Arduino/libraries/ptc_touch/src/ptc_touch.c:444
        ptc_lib_state = PTC_LIB_EVENT;
     b2e:	80 93 3d 38 	sts	0x383D, r24	; 0x80383d <ptc_lib_state>
     b32:	90 93 3e 38 	sts	0x383E, r25	; 0x80383e <ptc_lib_state+0x1>
     b36:	7f cf       	rjmp	.-258    	; 0xa36 <__vector_7+0x9a>
     b38:	80 91 3d 38 	lds	r24, 0x383D	; 0x80383d <ptc_lib_state>
/home/david/Arduino/libraries/ptc_touch/src/ptc_touch.c:447
      }
    }
  } else if (PTC_LIB_CONV_COMPL == ptc_lib_state) {
     b3c:	90 91 3e 38 	lds	r25, 0x383E	; 0x80383e <ptc_lib_state+0x1>
     b40:	02 97       	sbiw	r24, 0x02	; 2
     b42:	09 f0       	breq	.+2      	; 0xb46 <__vector_7+0x1aa>
     b44:	78 cf       	rjmp	.-272    	; 0xa36 <__vector_7+0x9a>
     b46:	10 92 3d 38 	sts	0x383D, r1	; 0x80383d <ptc_lib_state>
/home/david/Arduino/libraries/ptc_touch/src/ptc_touch.c:448
    ptc_lib_state = PTC_LIB_IDLE;
     b4a:	10 92 3e 38 	sts	0x383E, r1	; 0x80383e <ptc_lib_state+0x1>
     b4e:	c0 91 41 38 	lds	r28, 0x3841	; 0x803841 <firstNode>
/home/david/Arduino/libraries/ptc_touch/src/ptc_touch.c:449
    for (cap_sensor_t* node = firstNode; node != NULL; node = node->nextNode) {
     b52:	d0 91 42 38 	lds	r29, 0x3842	; 0x803842 <firstNode+0x1>
     b56:	20 97       	sbiw	r28, 0x00	; 0
     b58:	29 f4       	brne	.+10     	; 0xb64 <__vector_7+0x1c8>
     b5a:	10 92 3b 38 	sts	0x383B, r1	; 0x80383b <currConvType>
/home/david/Arduino/libraries/ptc_touch/src/ptc_touch.c:453
      ptc_process_measurement(node);
    }
    ptc_event_callback((PTC_CB_EVENT_CONV_CMPL | currConvType), (cap_sensor_t *)currConvNode);
    currConvType = NODE_TYPE_NOCONV_bm;
     b5e:	10 92 3c 38 	sts	0x383C, r1	; 0x80383c <currConvType+0x1>
     b62:	69 cf       	rjmp	.-302    	; 0xa36 <__vector_7+0x9a>
     b64:	ce 01       	movw	r24, r28
/home/david/Arduino/libraries/ptc_touch/src/ptc_touch.c:450
      }
    }
  } else if (PTC_LIB_CONV_COMPL == ptc_lib_state) {
    ptc_lib_state = PTC_LIB_IDLE;
    for (cap_sensor_t* node = firstNode; node != NULL; node = node->nextNode) {
      ptc_process_measurement(node);
     b66:	60 dc       	rcall	.-1856   	; 0x428 <ptc_process_measurement>
     b68:	09 90       	ld	r0, Y+
     b6a:	d8 81       	ld	r29, Y
/home/david/Arduino/libraries/ptc_touch/src/ptc_touch.c:449
        ptc_lib_state = PTC_LIB_EVENT;
      }
    }
  } else if (PTC_LIB_CONV_COMPL == ptc_lib_state) {
    ptc_lib_state = PTC_LIB_IDLE;
    for (cap_sensor_t* node = firstNode; node != NULL; node = node->nextNode) {
     b6c:	c0 2d       	mov	r28, r0
     b6e:	f3 cf       	rjmp	.-26     	; 0xb56 <__vector_7+0x1ba>
ptc_init_conversion():
     b70:	2c 30       	cpi	r18, 0x0C	; 12
     b72:	09 f0       	breq	.+2      	; 0xb76 <__vector_7+0x1da>
/home/david/Arduino/libraries/ptc_touch/src/ptc_touch.c:788
    pPTC->CTRLP    = 0xC0 | 0x20;
    pPTC->SHIELD  = 0x00;
  } else if (nodeType == NODE_SELFCAP_bm){  /* NODE_SELFCAP */
    pPTC->CTRLP  = 0x28;
    pPTC->SHIELD = 0x00;
  } else if (nodeType == NODE_SELFCAP_SHIELD_bm) {
     b74:	c0 cf       	rjmp	.-128    	; 0xaf6 <__vector_7+0x15a>
     b76:	88 e2       	ldi	r24, 0x28	; 40
     b78:	80 8f       	std	Z+24, r24	; 0x18
/home/david/Arduino/libraries/ptc_touch/src/ptc_touch.c:789
    pPTC->CTRLP  = 0x28;
     b7a:	86 e8       	ldi	r24, 0x86	; 134
     b7c:	86 8f       	std	Z+30, r24	; 0x1e
/home/david/Arduino/libraries/ptc_touch/src/ptc_touch.c:790
    pPTC->SHIELD = 0x86;
     b7e:	8b cf       	rjmp	.-234    	; 0xa96 <__vector_7+0xfa>
     b80:	81 e0       	ldi	r24, 0x01	; 1
     b82:	82 87       	std	Z+10, r24	; 0x0a
/home/david/Arduino/libraries/ptc_touch/src/ptc_touch.c:811
    pPTC->CTRLE = ADC_WINCM_ABOVE_gc;
    pPTC->WINHT = (lowPowerNode->reference + lowPowerNode->touch_in_th) << (lowPowerNode->hw_a_d_gain & 0x0F);
    ptc_lib_state = PTC_LIB_EVENT;
    ptc_start_conversion(lowPowerNode);
  } else {
    pPTC->INTCTRL = ADC_RESRDY_bm;
     b84:	14 82       	std	Z+4, r1	; 0x04
     b86:	81 e0       	ldi	r24, 0x01	; 1
/home/david/Arduino/libraries/ptc_touch/src/ptc_touch.c:812
    pPTC->CTRLE = ADC_WINCM_NONE_gc;
     b88:	90 e0       	ldi	r25, 0x00	; 0
/home/david/Arduino/libraries/ptc_touch/src/ptc_touch.c:813
    ptc_lib_state = PTC_LIB_CONV_PROG;
     b8a:	80 93 3d 38 	sts	0x383D, r24	; 0x80383d <ptc_lib_state>
     b8e:	90 93 3e 38 	sts	0x383E, r25	; 0x80383e <ptc_lib_state+0x1>
     b92:	ce 01       	movw	r24, r28
     b94:	af cf       	rjmp	.-162    	; 0xaf4 <__vector_7+0x158>

00000b96 <__vector_3>:
__vector_3():
/home/david/Arduino/libraries/ptc_touch/src/ptc_touch.c:814
    ptc_start_conversion(firstNode);
     b96:	1f 92       	push	r1
     b98:	0f 92       	push	r0
/home/david/firmware/firmware.ino:240
  _PROTECTED_WRITE(WDT.CTRLA, WDT_PERIOD_8CLK_gc);
  while (true) { }
}

ISR(PORTA_PORT_vect)
{
     b9a:	0f b6       	in	r0, 0x3f	; 63
     b9c:	0f 92       	push	r0
     b9e:	11 24       	eor	r1, r1
     ba0:	8f 93       	push	r24
     ba2:	9f 93       	push	r25
     ba4:	88 e0       	ldi	r24, 0x08	; 8
     ba6:	80 93 09 04 	sts	0x0409, r24	; 0x800409 <digital_pin_to_bit_mask+0x7f7047>
/home/david/firmware/firmware.ino:241
  PORTA.INTFLAGS = PORT_INT3_bm;
     baa:	80 91 00 38 	lds	r24, 0x3800	; 0x803800 <__DATA_REGION_ORIGIN__>
/home/david/firmware/firmware.ino:243

  if (rebootOnButtonPress) {
     bae:	88 23       	and	r24, r24
     bb0:	31 f0       	breq	.+12     	; 0xbbe <__vector_3+0x28>
     bb2:	88 ed       	ldi	r24, 0xD8	; 216
     bb4:	91 e0       	ldi	r25, 0x01	; 1
/home/david/firmware/firmware.ino:244
    _PROTECTED_WRITE(WDT.CTRLA, WDT_PERIOD_8CLK_gc);
     bb6:	84 bf       	out	0x34, r24	; 52
     bb8:	90 93 00 01 	sts	0x0100, r25	; 0x800100 <digital_pin_to_bit_mask+0x7f6d3e>
     bbc:	ff cf       	rjmp	.-2      	; 0xbbc <__vector_3+0x26>
     bbe:	9f 91       	pop	r25
     bc0:	8f 91       	pop	r24
/home/david/firmware/firmware.ino:247
    while (true) { }
  }
}
     bc2:	0f 90       	pop	r0
     bc4:	0f be       	out	0x3f, r0	; 63
     bc6:	0f 90       	pop	r0
     bc8:	1f 90       	pop	r1
     bca:	18 95       	reti

00000bcc <main>:
main():
     bcc:	cf 93       	push	r28
     bce:	df 93       	push	r29
/home/david/.arduino15/packages/megaTinyCore/hardware/megaavr/2.6.11/cores/megatinycore/main.cpp:49
 * called first in non-optiboot configurations (neither is needed on Optibooot configurations() *
 * an extra bit of initialization code in .init3 to fix the vectors and still happen if user    *
 * overrides main. In the past there was a USB-related function here, that is removed, as work  *
 * will be needed in any event at the core level if VUSB-based "stuff" arrives, but really I'm  *
 * just waiting for the DU-series now                                                           */
int main() {
     bd0:	cd b7       	in	r28, 0x3d	; 61
     bd2:	de b7       	in	r29, 0x3e	; 62
     bd4:	25 97       	sbiw	r28, 0x05	; 5
     bd6:	cd bf       	out	0x3d, r28	; 61
     bd8:	de bf       	out	0x3e, r29	; 62
init_clock():
/home/david/.arduino15/packages/megaTinyCore/hardware/megaavr/2.6.11/cores/megatinycore/wiring.c:460
  #if (CLOCK_SOURCE == 0)
    #if (defined(CLOCK_TUNE_INTERNAL))
      tune_internal(); // Will be inlined as only called once. Just too long and ugly to put two implementations in middle of this.
    #else
      #if defined(_MCLK_CTRLB) && defined(F_CPU) && defined(_MAIN_CLOCK_PRESCALER)
        _PROTECTED_WRITE(CLKCTRL_MCLKCTRLB,_MCLK_CTRLB);
     bda:	88 ed       	ldi	r24, 0xD8	; 216
     bdc:	90 e0       	ldi	r25, 0x00	; 0
     bde:	84 bf       	out	0x34, r24	; 52
     be0:	90 93 61 00 	sts	0x0061, r25	; 0x800061 <digital_pin_to_bit_mask+0x7f6c9f>
init_ADC0():
/home/david/.arduino15/packages/megaTinyCore/hardware/megaavr/2.6.11/cores/megatinycore/wiring.c:552


/********************************* ADC ****************************************/
void __attribute__((weak)) init_ADC0() {
  ADC_t* pADC;
  _fastPtr_d(pADC, &ADC0);
     be4:	e0 e0       	ldi	r30, 0x00	; 0
     be6:	f6 e0       	ldi	r31, 0x06	; 6
/home/david/.arduino15/packages/megaTinyCore/hardware/megaavr/2.6.11/cores/megatinycore/wiring.c:573
   **************************************************************************/
    //                              30 MHz / 32 = 937 kHz,  32 MHz / 32 =  1 MHz.
    #if   F_CPU   > 24000000     // 24 MHz / 16 = 1.5 MHz,  25 MHz / 32 =  780 kHz
      pADC->CTRLC  = ADC_PRESC_DIV32_gc | ADC_REFSEL_VDDREF_gc | ADC_SAMPCAP_bm;
    #elif F_CPU  >= 12000000    // 16 MHz / 16 = 1.0 MHz,  20 MHz / 16 = 1.25 MHz
      pADC->CTRLC  = ADC_PRESC_DIV16_gc | ADC_REFSEL_VDDREF_gc | ADC_SAMPCAP_bm;
     be8:	83 e5       	ldi	r24, 0x53	; 83
     bea:	82 83       	std	Z+2, r24	; 0x02
/home/david/.arduino15/packages/megaTinyCore/hardware/megaavr/2.6.11/cores/megatinycore/wiring.c:584
      pADC->CTRLC  =  ADC_PRESC_DIV2_gc | ADC_REFSEL_VDDREF_gc | ADC_SAMPCAP_bm;
    #endif
    #if   (F_CPU == 6000000 || F_CPU == 12000000 || F_CPU == 24000000 || F_CPU ==25000000)
      pADC->SAMPCTRL = (7); // 9 ADC clocks, 12 us
    #elif (F_CPU == 5000000 || F_CPU == 10000000 || F_CPU == 20000000)
      pADC->SAMPCTRL = (13);   // 15 ADC clock,s 12 us
     bec:	8d e0       	ldi	r24, 0x0D	; 13
     bee:	85 83       	std	Z+5, r24	; 0x05
/home/david/.arduino15/packages/megaTinyCore/hardware/megaavr/2.6.11/cores/megatinycore/wiring.c:588
    #else
      pADC->SAMPCTRL = (10); // 12 ADC clocks, 12 us
    #endif
    pADC->CTRLD    = ADC_INITDLY_DLY16_gc;
     bf0:	80 e2       	ldi	r24, 0x20	; 32
     bf2:	83 83       	std	Z+3, r24	; 0x03
/home/david/.arduino15/packages/megaTinyCore/hardware/megaavr/2.6.11/cores/megatinycore/wiring.c:589
    pADC->CTRLA    = ADC_ENABLE_bm;
     bf4:	81 e0       	ldi	r24, 0x01	; 1
     bf6:	80 83       	st	Z, r24
init_TCA0():
/home/david/.arduino15/packages/megaTinyCore/hardware/megaavr/2.6.11/cores/megatinycore/wiring.c:680

void __attribute__((weak)) init_TCA0() {
  /*  TYPE A TIMER   */
  #if !defined(TCA_BUFFERED_3PIN)
    #if defined(PORTMUX_CTRLC)
      PORTMUX.CTRLC = TCA_PORTMUX;
     bf8:	10 92 02 02 	sts	0x0202, r1	; 0x800202 <digital_pin_to_bit_mask+0x7f6e40>
/home/david/.arduino15/packages/megaTinyCore/hardware/megaavr/2.6.11/cores/megatinycore/wiring.c:684
    #else
      PORTMUX.TCAROUTEA = TCA_PORTMUX;
    #endif
    TCA0.SPLIT.CTRLD   = TCA_SPLIT_SPLITM_bm;
     bfc:	80 93 03 0a 	sts	0x0A03, r24	; 0x800a03 <digital_pin_to_bit_mask+0x7f7641>
/home/david/.arduino15/packages/megaTinyCore/hardware/megaavr/2.6.11/cores/megatinycore/wiring.c:685
    TCA0.SPLIT.LPER    = PWM_TIMER_PERIOD;
     c00:	9e ef       	ldi	r25, 0xFE	; 254
     c02:	90 93 26 0a 	sts	0x0A26, r25	; 0x800a26 <digital_pin_to_bit_mask+0x7f7664>
/home/david/.arduino15/packages/megaTinyCore/hardware/megaavr/2.6.11/cores/megatinycore/wiring.c:686
    TCA0.SPLIT.HPER    = PWM_TIMER_PERIOD;
     c06:	90 93 27 0a 	sts	0x0A27, r25	; 0x800a27 <digital_pin_to_bit_mask+0x7f7665>
/home/david/.arduino15/packages/megaTinyCore/hardware/megaavr/2.6.11/cores/megatinycore/wiring.c:687
    TCA0.SPLIT.CTRLA   = (_TIMERA_PRESCALER | TCA_SPLIT_ENABLE_bm);
     c0a:	9b e0       	ldi	r25, 0x0B	; 11
     c0c:	90 93 00 0a 	sts	0x0A00, r25	; 0x800a00 <digital_pin_to_bit_mask+0x7f763e>
init_millis():
/home/david/.arduino15/packages/megaTinyCore/hardware/megaavr/2.6.11/cores/megatinycore/wiring.c:345
      #else
        TCA0.SINGLE.INTCTRL = TCA_SINGLE_OVF_bm;
      #endif
    #elif defined(MILLIS_USE_TIMERD0)
      TCD_t* pTCD;
      _fastPtr_d(pTCD, &TCD0);
     c10:	e0 e8       	ldi	r30, 0x80	; 128
     c12:	fa e0       	ldi	r31, 0x0A	; 10
/home/david/.arduino15/packages/megaTinyCore/hardware/megaavr/2.6.11/cores/megatinycore/wiring.c:346
      pTCD->CMPBCLR        = TIME_TRACKING_TIMER_PERIOD; // essentially, this is TOP
     c14:	2d ef       	ldi	r18, 0xFD	; 253
     c16:	31 e0       	ldi	r19, 0x01	; 1
     c18:	26 a7       	std	Z+46, r18	; 0x2e
     c1a:	37 a7       	std	Z+47, r19	; 0x2f
/home/david/.arduino15/packages/megaTinyCore/hardware/megaavr/2.6.11/cores/megatinycore/wiring.c:347
      pTCD->CTRLB          = 0x00; // oneramp mode
     c1c:	11 82       	std	Z+1, r1	; 0x01
/home/david/.arduino15/packages/megaTinyCore/hardware/megaavr/2.6.11/cores/megatinycore/wiring.c:348
      pTCD->CTRLC          = 0x80;
     c1e:	90 e8       	ldi	r25, 0x80	; 128
     c20:	92 83       	std	Z+2, r25	; 0x02
/home/david/.arduino15/packages/megaTinyCore/hardware/megaavr/2.6.11/cores/megatinycore/wiring.c:349
      pTCD->INTCTRL        = 0x01; // enable interrupt
     c22:	84 87       	std	Z+12, r24	; 0x0c
/home/david/.arduino15/packages/megaTinyCore/hardware/megaavr/2.6.11/cores/megatinycore/wiring.c:350
      pTCD->CTRLA          = _TIMERD0_PRESCALER | 0x01; // set clock source and enable!
     c24:	81 e1       	ldi	r24, 0x11	; 17
     c26:	80 83       	st	Z, r24
main():
/home/david/.arduino15/packages/megaTinyCore/hardware/megaavr/2.6.11/cores/megatinycore/main.cpp:53
  onBeforeInit(); // Emnpty callback called before init but after the .init stuff. First normal code executed
  init(); // Interrupts are turned on just prior to init() returning.
  initVariant();
  if (!onAfterInit()) sei();  // enable interrupts.
     c28:	78 94       	sei
setup():
/home/david/firmware/firmware.ino:1331
        // Handle release event
    }
}

void setup() {
  pinMode(PIN_PA1, OUTPUT);
     c2a:	61 e0       	ldi	r22, 0x01	; 1
     c2c:	8e e0       	ldi	r24, 0x0E	; 14
     c2e:	ea dd       	rcall	.-1068   	; 0x804 <pinMode>
/home/david/firmware/firmware.ino:1332
  pinMode(PIN_PA2, OUTPUT);
     c30:	61 e0       	ldi	r22, 0x01	; 1
     c32:	8f e0       	ldi	r24, 0x0F	; 15
     c34:	e7 dd       	rcall	.-1074   	; 0x804 <pinMode>
/home/david/firmware/firmware.ino:1333
  pinMode(PIN_PB2, OUTPUT);
     c36:	61 e0       	ldi	r22, 0x01	; 1
     c38:	87 e0       	ldi	r24, 0x07	; 7
     c3a:	e4 dd       	rcall	.-1080   	; 0x804 <pinMode>
/home/david/firmware/firmware.ino:1334
  pinMode(PIN_PB3, OUTPUT);
     c3c:	61 e0       	ldi	r22, 0x01	; 1
     c3e:	86 e0       	ldi	r24, 0x06	; 6
     c40:	e1 dd       	rcall	.-1086   	; 0x804 <pinMode>
/home/david/firmware/firmware.ino:1336

  pinMode(LED_DATA_PIN, OUTPUT);
     c42:	61 e0       	ldi	r22, 0x01	; 1
     c44:	86 e0       	ldi	r24, 0x06	; 6
     c46:	de dd       	rcall	.-1092   	; 0x804 <pinMode>
/home/david/firmware/firmware.ino:1337
  pinMode(WAKE_BUTTON_PIN, INPUT_PULLUP);
     c48:	62 e0       	ldi	r22, 0x02	; 2
     c4a:	80 e1       	ldi	r24, 0x10	; 16
     c4c:	db dd       	rcall	.-1098   	; 0x804 <pinMode>
     c4e:	81 e0       	ldi	r24, 0x01	; 1
/home/david/firmware/firmware.ino:1338
  digitalWrite(LED_POWER_PIN, HIGH);
     c50:	b9 dd       	rcall	.-1166   	; 0x7c4 <digitalWrite.constprop.7>
initRtc():
     c52:	80 91 41 01 	lds	r24, 0x0141	; 0x800141 <digital_pin_to_bit_mask+0x7f6d7f>
/home/david/firmware/firmware.ino:190
  shouldProcessPtc = true;
}

void initRtc()
{
  while (RTC.STATUS > 0) {
     c56:	81 11       	cpse	r24, r1
     c58:	fc cf       	rjmp	.-8      	; 0xc52 <main+0x86>
     c5a:	81 e0       	ldi	r24, 0x01	; 1
     c5c:	80 93 47 01 	sts	0x0147, r24	; 0x800147 <digital_pin_to_bit_mask+0x7f6d85>
/home/david/firmware/firmware.ino:194
    ;
  }

  RTC.CLKSEL = RTC_CLKSEL_INT1K_gc;
     c60:	28 e9       	ldi	r18, 0x98	; 152
     c62:	33 e9       	ldi	r19, 0x93	; 147
     c64:	29 83       	std	Y+1, r18	; 0x01
     c66:	3a 83       	std	Y+2, r19	; 0x02
     c68:	ee e9       	ldi	r30, 0x9E	; 158
     c6a:	4e 2e       	mov	r4, r30
     c6c:	e3 e9       	ldi	r30, 0x93	; 147
     c6e:	5e 2e       	mov	r5, r30
     c70:	e4 e4       	ldi	r30, 0x44	; 68
     c72:	f8 e3       	ldi	r31, 0x38	; 56
     c74:	19 01       	movw	r2, r18
setupTouchButtons():
     c76:	01 e0       	ldi	r16, 0x01	; 1
     c78:	10 e0       	ldi	r17, 0x00	; 0
ptc_add_node_common():
/home/david/firmware/firmware.ino:137
void setupTouchButtons()
{
  for (uint8_t buttonIndex = 0; buttonIndex < NUM_TOUCH_BUTTONS; ++buttonIndex) {
    const uint8_t result = ptc_add_selfcap_node(
      &touchButtons[buttonIndex],
      1 << TOUCH_BUTTON_PINS[buttonIndex], // Correctly map to PTC channel
     c7a:	24 e0       	ldi	r18, 0x04	; 4
ptc_add_selfcap_node_asserted():
     c7c:	a4 e0       	ldi	r26, 0x04	; 4
/home/david/Arduino/libraries/ptc_touch/src/ptc_touch.c:288
void ptc_add_node_common(cap_sensor_t* node, ptc_ch_bm_t yCh, ptc_ch_bm_t xCh) {
  
  node->stateMachine = PTC_SM_NOINIT_CAL;
  node->hw_xCh_bm = xCh;
  node->hw_yCh_bm = yCh;
  node->hw_a_d_gain = NODE_GAIN(ADC_SAMPNUM_ACC1_gc, ADC_SAMPNUM_ACC16_gc);
     c7e:	ea 2e       	mov	r14, r26
/home/david/Arduino/libraries/ptc_touch/src/ptc_touch.c:253
    return PTC_LIB_BAD_POINTER;
  
  ptc_add_node_common(node, yCh, xCh);

  if (xCh > 0)  node->type = NODE_SELFCAP_SHIELD_bm;
  else          node->type = NODE_SELFCAP_bm;
     c80:	f1 2c       	mov	r15, r1
     c82:	bc e0       	ldi	r27, 0x0C	; 12
     c84:	cb 2e       	mov	r12, r27
/home/david/Arduino/libraries/ptc_touch/src/ptc_touch.c:252
  if (ptc_append_node(node) != PTC_LIB_SUCCESS)
    return PTC_LIB_BAD_POINTER;
  
  ptc_add_node_common(node, yCh, xCh);

  if (xCh > 0)  node->type = NODE_SELFCAP_SHIELD_bm;
     c86:	d1 2c       	mov	r13, r1
     c88:	83 e0       	ldi	r24, 0x03	; 3
     c8a:	b8 2e       	mov	r11, r24
ptc_node_set_gain():
/home/david/Arduino/libraries/ptc_touch/src/ptc_touch.c:259


  node->touch_in_th = 20;
  node->touch_out_th = 10;
  node->hw_compCaps = PTC_DEFAULT_SC_CC;  /* value from qTouch */
  node->hw_rsel_presc = NODE_RSEL_PRSC(RSEL_VAL_0, PTC_PRESC_DEFAULT);
     c8c:	31 e1       	ldi	r19, 0x11	; 17
ptc_node_set_thresholds():
     c8e:	90 e5       	ldi	r25, 0x50	; 80
/home/david/Arduino/libraries/ptc_touch/src/ptc_touch.c:173
  if (dGain > 0x06) {
    if (__builtin_constant_p(dGain)) 
      badArg("Digital Gain too high. Max Digital Gain Value is 0x06 (equals 64x)");
    return PTC_LIB_BAD_ARGUMENT;
  }
  node->hw_a_d_gain = NODE_GAIN(aGain, dGain);
     c90:	89 2e       	mov	r8, r25
/home/david/Arduino/libraries/ptc_touch/src/ptc_touch.c:121
// Set the threshold for touch detection and away from touch for a node
uint8_t ptc_node_set_thresholds (cap_sensor_t* node, int16_t th_in, int16_t th_out) {
  if (NULL == node) 
    return PTC_LIB_BAD_POINTER;

  node->touch_in_th = th_in;
     c92:	91 2c       	mov	r9, r1
     c94:	4a e0       	ldi	r20, 0x0A	; 10
     c96:	64 2e       	mov	r6, r20
/home/david/Arduino/libraries/ptc_touch/src/ptc_touch.c:122
  node->touch_out_th = th_out;
     c98:	71 2c       	mov	r7, r1
setupTouchButtons():
     c9a:	d1 01       	movw	r26, r2
     c9c:	ad 90       	ld	r10, X+
/home/david/firmware/firmware.ino:138
      TOUCH_BUTTON_PINS[buttonIndex]
     c9e:	1d 01       	movw	r2, r26
     ca0:	4a 2d       	mov	r20, r10
     ca2:	50 e0       	ldi	r21, 0x00	; 0
/home/david/firmware/firmware.ino:137
void setupTouchButtons()
{
  for (uint8_t buttonIndex = 0; buttonIndex < NUM_TOUCH_BUTTONS; ++buttonIndex) {
    const uint8_t result = ptc_add_selfcap_node(
      &touchButtons[buttonIndex],
      1 << TOUCH_BUTTON_PINS[buttonIndex], // Correctly map to PTC channel
     ca4:	c8 01       	movw	r24, r16
     ca6:	0a 2c       	mov	r0, r10
     ca8:	02 c0       	rjmp	.+4      	; 0xcae <main+0xe2>
     caa:	88 0f       	add	r24, r24
     cac:	99 1f       	adc	r25, r25
     cae:	0a 94       	dec	r0
     cb0:	e2 f7       	brpl	.-8      	; 0xcaa <main+0xde>
ptc_add_selfcap_node():
     cb2:	00 97       	sbiw	r24, 0x00	; 0
     cb4:	09 f4       	brne	.+2      	; 0xcb8 <main+0xec>
/home/david/Arduino/libraries/ptc_touch/src/ptc_touch.h:124

inline uint8_t ptc_add_selfcap_node(cap_sensor_t* node, const ptc_ch_bm_t yCh, const ptc_ch_bm_t xCh) {
  if(__builtin_constant_p(yCh)) {
    if (yCh == 0)   badArg("yCh bitmap mustn't be 0 (Pin_Pxn is not a PTC pin)");
    if (yCh & xCh)  badArg("pin bitmap overlap detected");
  } else if ((yCh == 0) || ((yCh & xCh) != 0)) {
     cb6:	81 c0       	rjmp	.+258    	; 0xdba <main+0x1ee>
     cb8:	ba 01       	movw	r22, r20
     cba:	68 23       	and	r22, r24
     cbc:	79 23       	and	r23, r25
     cbe:	67 2b       	or	r22, r23
     cc0:	09 f0       	breq	.+2      	; 0xcc4 <main+0xf8>
     cc2:	7b c0       	rjmp	.+246    	; 0xdba <main+0x1ee>
ptc_add_selfcap_node_asserted():
     cc4:	f8 33       	cpi	r31, 0x38	; 56
     cc6:	0c f4       	brge	.+2      	; 0xcca <main+0xfe>
/home/david/Arduino/libraries/ptc_touch/src/ptc_touch.c:245
// a helper function to reduce copy-pasting between self and mutual initialisations
void ptc_add_node_common(cap_sensor_t* node, ptc_ch_bm_t yCh, ptc_ch_bm_t xCh);

// if xCh > 0, with shield, otherwise usual selfcap
uint8_t ptc_add_selfcap_node_asserted(cap_sensor_t* node, const ptc_ch_bm_t yCh, const ptc_ch_bm_t xCh) {
  PTC_CHECK_POINTER(node, PTC_LIB_BAD_POINTER); // check not in h file as gcc doesn't know about the memory address
     cc8:	78 c0       	rjmp	.+240    	; 0xdba <main+0x1ee>
ptc_get_last_node():
     cca:	a0 91 41 38 	lds	r26, 0x3841	; 0x803841 <firstNode>
/home/david/Arduino/libraries/ptc_touch/src/ptc_touch.c:966



// returns the last node in the list, or NULL if list empty.
cap_sensor_t* ptc_get_last_node (void) {
  if (firstNode == NULL)
     cce:	b0 91 42 38 	lds	r27, 0x3842	; 0x803842 <firstNode+0x1>
     cd2:	10 97       	sbiw	r26, 0x00	; 0
     cd4:	09 f0       	breq	.+2      	; 0xcd8 <main+0x10c>
     cd6:	68 c0       	rjmp	.+208    	; 0xda8 <main+0x1dc>
ptc_append_node():
     cd8:	e0 93 41 38 	sts	0x3841, r30	; 0x803841 <firstNode>
/home/david/Arduino/libraries/ptc_touch/src/ptc_touch.c:985
// puts the node to the back of the single-linked list.
// returns NULL if list was empty, otherwise the previous last node
uint8_t ptc_append_node(cap_sensor_t* pNewNode) {
  cap_sensor_t* lastNode = ptc_get_last_node();
  if (lastNode == NULL) {
    firstNode = pNewNode;
     cdc:	f0 93 42 38 	sts	0x3842, r31	; 0x803842 <firstNode+0x1>
     ce0:	14 82       	std	Z+4, r1	; 0x04
ptc_add_node_common():
     ce2:	17 8a       	std	Z+23, r1	; 0x17
/home/david/Arduino/libraries/ptc_touch/src/ptc_touch.c:986
    pNewNode->id = 0;
     ce4:	45 83       	std	Z+5, r20	; 0x05
/home/david/Arduino/libraries/ptc_touch/src/ptc_touch.c:285
  return PTC_LIB_SUCCESS;
}

void ptc_add_node_common(cap_sensor_t* node, ptc_ch_bm_t yCh, ptc_ch_bm_t xCh) {
  
  node->stateMachine = PTC_SM_NOINIT_CAL;
     ce6:	56 83       	std	Z+6, r21	; 0x06
/home/david/Arduino/libraries/ptc_touch/src/ptc_touch.c:286
  node->hw_xCh_bm = xCh;
     ce8:	87 83       	std	Z+7, r24	; 0x07
     cea:	90 87       	std	Z+8, r25	; 0x08
/home/david/Arduino/libraries/ptc_touch/src/ptc_touch.c:287
  node->hw_yCh_bm = yCh;
     cec:	24 87       	std	Z+12, r18	; 0x0c
     cee:	a8 2a       	or	r10, r24
/home/david/Arduino/libraries/ptc_touch/src/ptc_touch.c:288
  node->hw_a_d_gain = NODE_GAIN(ADC_SAMPNUM_ACC1_gc, ADC_SAMPNUM_ACC16_gc);
     cf0:	60 91 22 06 	lds	r22, 0x0622	; 0x800622 <digital_pin_to_bit_mask+0x7f7260>
/home/david/Arduino/libraries/ptc_touch/src/ptc_touch.c:298
    uint8_t* orX = (uint8_t*)&xCh;          // on AtTinies, the compiler unrolls the loop to two iterations
    uint8_t bit_pos  = 0;   // counts from 0 to "highest PTC pin number"
    for (uint8_t i = 0; i < sizeof(ptc_ch_bm_t); i++) {
      // this equals PTC.PIN_OVR |= (xCh | yCh);, but more friendly for CPU-registers on DAs with uint64_t
      uint8_t temp_bm = *(orY++) | *(orX++);
      *(src) |= temp_bm;
     cf4:	6a 29       	or	r22, r10
     cf6:	60 93 22 06 	sts	0x0622, r22	; 0x800622 <digital_pin_to_bit_mask+0x7f7260>
     cfa:	70 e0       	ldi	r23, 0x00	; 0
     cfc:	60 e0       	ldi	r22, 0x00	; 0
     cfe:	a0 fc       	sbrc	r10, 0
     d00:	65 c0       	rjmp	.+202    	; 0xdcc <main+0x200>
/home/david/Arduino/libraries/ptc_touch/src/ptc_touch.c:302
      src++;

      for (uint8_t j = 0; j < 8; j++) {
        if (temp_bm & 0x01) {
     d02:	a6 94       	lsr	r10
     d04:	6f 5f       	subi	r22, 0xFF	; 255
/home/david/Arduino/libraries/ptc_touch/src/ptc_touch.c:313
              (*portSettings) = PORT_ISC_INPUT_DISABLE_gc;
            }
          }
        }
        bit_pos++;
        temp_bm >>= 1;
     d06:	7f 4f       	sbci	r23, 0xFF	; 255
     d08:	68 30       	cpi	r22, 0x08	; 8
     d0a:	71 05       	cpc	r23, r1
/home/david/Arduino/libraries/ptc_touch/src/ptc_touch.c:301
      // this equals PTC.PIN_OVR |= (xCh | yCh);, but more friendly for CPU-registers on DAs with uint64_t
      uint8_t temp_bm = *(orY++) | *(orX++);
      *(src) |= temp_bm;
      src++;

      for (uint8_t j = 0; j < 8; j++) {
     d0c:	c1 f7       	brne	.-16     	; 0xcfe <main+0x132>
     d0e:	79 2f       	mov	r23, r25
     d10:	80 91 23 06 	lds	r24, 0x0623	; 0x800623 <digital_pin_to_bit_mask+0x7f7261>
/home/david/Arduino/libraries/ptc_touch/src/ptc_touch.c:298
    uint8_t* orX = (uint8_t*)&xCh;          // on AtTinies, the compiler unrolls the loop to two iterations
    uint8_t bit_pos  = 0;   // counts from 0 to "highest PTC pin number"
    for (uint8_t i = 0; i < sizeof(ptc_ch_bm_t); i++) {
      // this equals PTC.PIN_OVR |= (xCh | yCh);, but more friendly for CPU-registers on DAs with uint64_t
      uint8_t temp_bm = *(orY++) | *(orX++);
      *(src) |= temp_bm;
     d14:	89 2b       	or	r24, r25
     d16:	80 93 23 06 	sts	0x0623, r24	; 0x800623 <digital_pin_to_bit_mask+0x7f7261>
     d1a:	86 e6       	ldi	r24, 0x66	; 102
     d1c:	93 e9       	ldi	r25, 0x93	; 147
     d1e:	68 e0       	ldi	r22, 0x08	; 8
     d20:	70 fd       	sbrc	r23, 0
     d22:	5f c0       	rjmp	.+190    	; 0xde2 <main+0x216>
/home/david/Arduino/libraries/ptc_touch/src/ptc_touch.c:302
      src++;

      for (uint8_t j = 0; j < 8; j++) {
        if (temp_bm & 0x01) {
     d24:	6f 5f       	subi	r22, 0xFF	; 255
     d26:	76 95       	lsr	r23
/home/david/Arduino/libraries/ptc_touch/src/ptc_touch.c:312
              uint8_t* portSettings = (uint8_t*)(basePointer + offset);
              (*portSettings) = PORT_ISC_INPUT_DISABLE_gc;
            }
          }
        }
        bit_pos++;
     d28:	01 96       	adiw	r24, 0x01	; 1
/home/david/Arduino/libraries/ptc_touch/src/ptc_touch.c:313
        temp_bm >>= 1;
     d2a:	60 31       	cpi	r22, 0x10	; 16
     d2c:	c9 f7       	brne	.-14     	; 0xd20 <main+0x154>
ptc_add_selfcap_node_asserted():
/home/david/Arduino/libraries/ptc_touch/src/ptc_touch.c:301
      // this equals PTC.PIN_OVR |= (xCh | yCh);, but more friendly for CPU-registers on DAs with uint64_t
      uint8_t temp_bm = *(orY++) | *(orX++);
      *(src) |= temp_bm;
      src++;

      for (uint8_t j = 0; j < 8; j++) {
     d2e:	45 2b       	or	r20, r21
     d30:	09 f4       	brne	.+2      	; 0xd34 <main+0x168>
/home/david/Arduino/libraries/ptc_touch/src/ptc_touch.c:252
  if (ptc_append_node(node) != PTC_LIB_SUCCESS)
    return PTC_LIB_BAD_POINTER;
  
  ptc_add_node_common(node, yCh, xCh);

  if (xCh > 0)  node->type = NODE_SELFCAP_SHIELD_bm;
     d32:	65 c0       	rjmp	.+202    	; 0xdfe <main+0x232>
     d34:	c2 82       	std	Z+2, r12	; 0x02
     d36:	d3 82       	std	Z+3, r13	; 0x03
     d38:	87 e6       	ldi	r24, 0x67	; 103
     d3a:	95 e0       	ldi	r25, 0x05	; 5
/home/david/Arduino/libraries/ptc_touch/src/ptc_touch.c:258
  else          node->type = NODE_SELFCAP_bm;


  node->touch_in_th = 20;
  node->touch_out_th = 10;
  node->hw_compCaps = PTC_DEFAULT_SC_CC;  /* value from qTouch */
     d3c:	81 87       	std	Z+9, r24	; 0x09
     d3e:	92 87       	std	Z+10, r25	; 0x0a
     d40:	b3 86       	std	Z+11, r11	; 0x0b
ptc_node_set_gain():
     d42:	34 87       	std	Z+12, r19	; 0x0c
ptc_node_set_thresholds():
/home/david/Arduino/libraries/ptc_touch/src/ptc_touch.c:259
  node->hw_rsel_presc = NODE_RSEL_PRSC(RSEL_VAL_0, PTC_PRESC_DEFAULT);
     d44:	83 8a       	std	Z+19, r8	; 0x13
/home/david/Arduino/libraries/ptc_touch/src/ptc_touch.c:173
  if (dGain > 0x06) {
    if (__builtin_constant_p(dGain)) 
      badArg("Digital Gain too high. Max Digital Gain Value is 0x06 (equals 64x)");
    return PTC_LIB_BAD_ARGUMENT;
  }
  node->hw_a_d_gain = NODE_GAIN(aGain, dGain);
     d46:	94 8a       	std	Z+20, r9	; 0x14
/home/david/Arduino/libraries/ptc_touch/src/ptc_touch.c:121
// Set the threshold for touch detection and away from touch for a node
uint8_t ptc_node_set_thresholds (cap_sensor_t* node, int16_t th_in, int16_t th_out) {
  if (NULL == node) 
    return PTC_LIB_BAD_POINTER;

  node->touch_in_th = th_in;
     d48:	65 8a       	std	Z+21, r6	; 0x15
     d4a:	76 8a       	std	Z+22, r7	; 0x16
/home/david/Arduino/libraries/ptc_touch/src/ptc_touch.c:122
  node->touch_out_th = th_out;
     d4c:	79 96       	adiw	r30, 0x19	; 25
setupTouchButtons():
     d4e:	42 14       	cp	r4, r2
     d50:	53 04       	cpc	r5, r3
/home/david/firmware/firmware.ino:134
  return pressedMask;
}

void setupTouchButtons()
{
  for (uint8_t buttonIndex = 0; buttonIndex < NUM_TOUCH_BUTTONS; ++buttonIndex) {
     d52:	09 f0       	breq	.+2      	; 0xd56 <main+0x18a>
     d54:	a2 cf       	rjmp	.-188    	; 0xc9a <main+0xce>
_ZNK5EERefdeEv():
     d56:	80 91 00 14 	lds	r24, 0x1400	; 0x801400 <digital_pin_to_bit_mask+0x7f803e>
setup():
/home/david/.arduino15/packages/megaTinyCore/hardware/megaavr/2.6.11/libraries/EEPROM/src/EEPROM.h:62
  EERef(const INDEXDATATYPE index)
    : index(index)                 {}

  // Access/read members.
  uint8_t operator * () const            {
    return (*(uint8_t *)((uint16_t)(MAPPED_EEPROM_START + (index & EEPROM_INDEX_MASK))));
     d5a:	80 93 43 38 	sts	0x3843, r24	; 0x803843 <state>
enableRtcPtc():
/home/david/firmware/firmware.ino:1343
  digitalWrite(LED_POWER_PIN, HIGH);

  initRtc();
  setupTouchButtons();

  state = EEPROM.read(0);
     d5e:	81 e0       	ldi	r24, 0x01	; 1
     d60:	80 93 52 01 	sts	0x0152, r24	; 0x800152 <digital_pin_to_bit_mask+0x7f6d90>
/home/david/firmware/firmware.ino:183
  shouldProcessPtc = false;
}

void enableRtcPtc(uint8_t period = RTC_PERIOD_CYC16_gc)
{
  RTC.PITINTCTRL = RTC_PI_bm;
     d64:	99 e1       	ldi	r25, 0x19	; 25
     d66:	90 93 50 01 	sts	0x0150, r25	; 0x800150 <digital_pin_to_bit_mask+0x7f6d8e>
/home/david/firmware/firmware.ino:184
  RTC.PITCTRLA = period | RTC_PITEN_bm;
     d6a:	80 93 da 38 	sts	0x38DA, r24	; 0x8038da <shouldProcessPtc>
main():
/home/david/firmware/firmware.ino:185
  shouldProcessPtc = true;
     d6e:	81 2c       	mov	r8, r1
     d70:	91 2c       	mov	r9, r1
/home/david/firmware/firmware.ino:1353
  ledStrip.begin();
  enableRtcPtc();

  uint16_t animationStep = 0;
  uint8_t animationMode = 0; // Ensure Knight Rider mode
  uint32_t totalIntervalMs = 0;
     d72:	54 01       	movw	r10, r8
     d74:	f1 2c       	mov	r15, r1
     d76:	10 e0       	ldi	r17, 0x00	; 0
/home/david/firmware/firmware.ino:1352
{
  ledStrip.begin();
  enableRtcPtc();

  uint16_t animationStep = 0;
  uint8_t animationMode = 0; // Ensure Knight Rider mode
     d78:	00 e0       	ldi	r16, 0x00	; 0
timer():
/home/david/firmware/firmware.ino:1351
void loop()
{
  ledStrip.begin();
  enableRtcPtc();

  uint16_t animationStep = 0;
     d7a:	79 e0       	ldi	r23, 0x09	; 9
     d7c:	47 2e       	mov	r4, r23
/home/david/firmware/firmware.ino:1252
    if (rightEyeLedsLit > eyeLedCount) {
      rightEyeLedsLit = eyeLedCount;
    }

    // Left eye: one light per completed minute.
    for (uint8_t ledIndex = 0; ledIndex < completedMinutes; ++ledIndex) {
     d7e:	51 2c       	mov	r5, r1
runAnimationMode():
     d80:	ef ef       	ldi	r30, 0xFF	; 255
     d82:	ef 0d       	add	r30, r15
/home/david/firmware/firmware.ino:1273
}


int runAnimationMode(uint8_t mode, uint16_t step)
{
  switch (mode) {
     d84:	ea 30       	cpi	r30, 0x0A	; 10
     d86:	08 f0       	brcs	.+2      	; 0xd8a <main+0x1be>
     d88:	3d c0       	rjmp	.+122    	; 0xe04 <main+0x238>
     d8a:	f0 e0       	ldi	r31, 0x00	; 0
     d8c:	e7 53       	subi	r30, 0x37	; 55
     d8e:	f9 4f       	sbci	r31, 0xF9	; 249
     d90:	bb c2       	rjmp	.+1398   	; 0x1308 <__tablejump2__>
     d92:	0f 07       	cpc	r16, r31
     d94:	32 07       	cpc	r19, r18
     d96:	3b 07       	cpc	r19, r27
     d98:	42 07       	cpc	r20, r18
/home/david/Arduino/libraries/ptc_touch/src/ptc_touch.c:972
    return NULL;

  cap_sensor_t *node = firstNode;
  while (1) {
    cap_sensor_t *nextNode = node->nextNode;
    if (nextNode == NULL)
     d9a:	4b 07       	cpc	r20, r27
/home/david/Arduino/libraries/ptc_touch/src/ptc_touch.c:971
  if (firstNode == NULL)
    return NULL;

  cap_sensor_t *node = firstNode;
  while (1) {
    cap_sensor_t *nextNode = node->nextNode;
     d9c:	8e 07       	cpc	r24, r30
     d9e:	ac 07       	cpc	r26, r28
     da0:	ce 07       	cpc	r28, r30
/home/david/Arduino/libraries/ptc_touch/src/ptc_touch.c:972
    if (nextNode == NULL)
     da2:	ec 07       	cpc	r30, r28
     da4:	1d 08       	sbc	r1, r13
ptc_get_last_node():
     da6:	db 01       	movw	r26, r22
/home/david/Arduino/libraries/ptc_touch/src/ptc_touch.c:987
uint8_t ptc_append_node(cap_sensor_t* pNewNode) {
  cap_sensor_t* lastNode = ptc_get_last_node();
  if (lastNode == NULL) {
    firstNode = pNewNode;
    pNewNode->id = 0;
  } else if (lastNode != pNewNode) {  // Make sure we don't create an endless loop on accident
     da8:	6d 91       	ld	r22, X+
     daa:	7c 91       	ld	r23, X
     dac:	11 97       	sbiw	r26, 0x01	; 1
     dae:	61 15       	cp	r22, r1
/home/david/Arduino/libraries/ptc_touch/src/ptc_touch.c:988
    lastNode->nextNode = pNewNode;
     db0:	71 05       	cpc	r23, r1
     db2:	c9 f7       	brne	.-14     	; 0xda6 <main+0x1da>
ptc_append_node():
     db4:	ea 17       	cp	r30, r26
/home/david/Arduino/libraries/ptc_touch/src/ptc_touch.c:989
    pNewNode->id = lastNode->id + 1;
     db6:	fb 07       	cpc	r31, r27
     db8:	09 f4       	brne	.+2      	; 0xdbc <main+0x1f0>
     dba:	ff cf       	rjmp	.-2      	; 0xdba <main+0x1ee>
     dbc:	ed 93       	st	X+, r30
     dbe:	fc 93       	st	X, r31
/home/david/Arduino/libraries/ptc_touch/src/ptc_touch.c:304
      src++;

      for (uint8_t j = 0; j < 8; j++) {
        if (temp_bm & 0x01) {
          if (bit_pos < sizeof(ptc_ch_to_pin)) {   // avoid accesses outside of the array, which can be smaller then the bit-map
            uint8_t offset = ptc_ch_to_pin[bit_pos];
     dc0:	11 97       	sbiw	r26, 0x01	; 1
     dc2:	14 96       	adiw	r26, 0x04	; 4
     dc4:	6c 91       	ld	r22, X
     dc6:	6f 5f       	subi	r22, 0xFF	; 255
/home/david/Arduino/libraries/ptc_touch/src/ptc_touch.c:305
            if (offset != 0) {
     dc8:	64 83       	std	Z+4, r22	; 0x04
     dca:	8b cf       	rjmp	.-234    	; 0xce2 <main+0x116>
ptc_add_node_common():
     dcc:	db 01       	movw	r26, r22
/home/david/Arduino/libraries/ptc_touch/src/ptc_touch.c:307
              uint16_t basePointer = (uint16_t)&PORTA;
              uint8_t* portSettings = (uint8_t*)(basePointer + offset);
     dce:	aa 59       	subi	r26, 0x9A	; 154
/home/david/Arduino/libraries/ptc_touch/src/ptc_touch.c:308
              (*portSettings) = PORT_ISC_INPUT_DISABLE_gc;
     dd0:	bc 46       	sbci	r27, 0x6C	; 108
     dd2:	ac 91       	ld	r26, X
     dd4:	aa 23       	and	r26, r26
/home/david/Arduino/libraries/ptc_touch/src/ptc_touch.c:303
      *(src) |= temp_bm;
      src++;

      for (uint8_t j = 0; j < 8; j++) {
        if (temp_bm & 0x01) {
          if (bit_pos < sizeof(ptc_ch_to_pin)) {   // avoid accesses outside of the array, which can be smaller then the bit-map
     dd6:	09 f4       	brne	.+2      	; 0xdda <main+0x20e>
     dd8:	94 cf       	rjmp	.-216    	; 0xd02 <main+0x136>
     dda:	b0 e0       	ldi	r27, 0x00	; 0
/home/david/Arduino/libraries/ptc_touch/src/ptc_touch.c:304
            uint8_t offset = ptc_ch_to_pin[bit_pos];
     ddc:	bc 5f       	subi	r27, 0xFC	; 252
     dde:	2c 93       	st	X, r18
     de0:	90 cf       	rjmp	.-224    	; 0xd02 <main+0x136>
/home/david/Arduino/libraries/ptc_touch/src/ptc_touch.c:305
            if (offset != 0) {
     de2:	6e 30       	cpi	r22, 0x0E	; 14
     de4:	08 f0       	brcs	.+2      	; 0xde8 <main+0x21c>
     de6:	9e cf       	rjmp	.-196    	; 0xd24 <main+0x158>
/home/david/Arduino/libraries/ptc_touch/src/ptc_touch.c:307
              uint16_t basePointer = (uint16_t)&PORTA;
              uint8_t* portSettings = (uint8_t*)(basePointer + offset);
     de8:	dc 01       	movw	r26, r24
     dea:	18 96       	adiw	r26, 0x08	; 8
/home/david/Arduino/libraries/ptc_touch/src/ptc_touch.c:308
              (*portSettings) = PORT_ISC_INPUT_DISABLE_gc;
     dec:	ac 90       	ld	r10, X
     dee:	aa 20       	and	r10, r10
     df0:	09 f4       	brne	.+2      	; 0xdf4 <main+0x228>
/home/david/Arduino/libraries/ptc_touch/src/ptc_touch.c:253
    return PTC_LIB_BAD_POINTER;
  
  ptc_add_node_common(node, yCh, xCh);

  if (xCh > 0)  node->type = NODE_SELFCAP_SHIELD_bm;
  else          node->type = NODE_SELFCAP_bm;
     df2:	98 cf       	rjmp	.-208    	; 0xd24 <main+0x158>
     df4:	aa 2d       	mov	r26, r10
     df6:	b0 e0       	ldi	r27, 0x00	; 0
/home/david/firmware/firmware.ino:1275
    case 0:
      return knightRider(step);
     df8:	bc 5f       	subi	r27, 0xFC	; 252
     dfa:	2c 93       	st	X, r18
     dfc:	93 cf       	rjmp	.-218    	; 0xd24 <main+0x158>
ptc_add_selfcap_node_asserted():
     dfe:	e2 82       	std	Z+2, r14	; 0x02
     e00:	f3 82       	std	Z+3, r15	; 0x03
     e02:	9a cf       	rjmp	.-204    	; 0xd38 <main+0x16c>
runAnimationMode():
     e04:	c8 01       	movw	r24, r16
/home/david/firmware/firmware.ino:1358
  uint32_t totalIntervalMs = 0;

  while (true) {
    int intervalMs = runAnimationMode(animationMode, animationStep);

    if (intervalMs == 0) {
     e06:	88 dc       	rcall	.-1776   	; 0x718 <knightRider(unsigned int)>
     e08:	a8 2f       	mov	r26, r24
     e0a:	b0 e0       	ldi	r27, 0x00	; 0
     e0c:	ac 83       	std	Y+4, r26	; 0x04
     e0e:	bd 83       	std	Y+5, r27	; 0x05
     e10:	f1 2c       	mov	r15, r1
loop():
/home/david/firmware/firmware.ino:1192
  return ret;
}

uint8_t breath(uint16_t step, uint8_t r, uint8_t g, uint8_t b )
{
  step = step % 60;
     e12:	8c 81       	ldd	r24, Y+4	; 0x04
     e14:	9d 81       	ldd	r25, Y+5	; 0x05
     e16:	89 2b       	or	r24, r25
     e18:	09 f0       	breq	.+2      	; 0xe1c <main+0x250>
     e1a:	44 c0       	rjmp	.+136    	; 0xea4 <main+0x2d8>
     e1c:	40 c0       	rjmp	.+128    	; 0xe9e <main+0x2d2>
breath():
/home/david/firmware/firmware.ino:1193
  if (step > 30)
     e1e:	c8 01       	movw	r24, r16
     e20:	6c e3       	ldi	r22, 0x3C	; 60
     e22:	70 e0       	ldi	r23, 0x00	; 0
/home/david/firmware/firmware.ino:1195
  {
    step = 60 - step;
     e24:	5d d2       	rcall	.+1210   	; 0x12e0 <__udivmodhi4>
     e26:	8c 83       	std	Y+4, r24	; 0x04
     e28:	9d 83       	std	Y+5, r25	; 0x05
     e2a:	8f 31       	cpi	r24, 0x1F	; 31
     e2c:	91 05       	cpc	r25, r1
     e2e:	30 f0       	brcs	.+12     	; 0xe3c <main+0x270>
/home/david/firmware/firmware.ino:1197
  }
  setAllLeds(r * step, g * step, b * step, true);
     e30:	ec e3       	ldi	r30, 0x3C	; 60
     e32:	f0 e0       	ldi	r31, 0x00	; 0
     e34:	e8 1b       	sub	r30, r24
     e36:	f9 0b       	sbc	r31, r25
     e38:	ec 83       	std	Y+4, r30	; 0x04
/home/david/firmware/firmware.ino:1198
  if (step == 0 )
     e3a:	fd 83       	std	Y+5, r31	; 0x05
     e3c:	21 e0       	ldi	r18, 0x01	; 1
     e3e:	40 e0       	ldi	r20, 0x00	; 0
     e40:	60 e0       	ldi	r22, 0x00	; 0
/home/david/firmware/firmware.ino:1200
  {
    return 200;
     e42:	8c 81       	ldd	r24, Y+4	; 0x04
     e44:	44 dc       	rcall	.-1912   	; 0x6ce <setAllLeds(unsigned char, unsigned char, unsigned char, bool)>
/home/david/firmware/firmware.ino:1277
{
  switch (mode) {
    case 0:
      return knightRider(step);
    case 1:
      return breath(step, 1, 0 , 0);
     e46:	2c 81       	ldd	r18, Y+4	; 0x04
     e48:	3d 81       	ldd	r19, Y+5	; 0x05
     e4a:	23 2b       	or	r18, r19
/home/david/firmware/firmware.ino:1289
    case 5:
      if ((state & B00000111) != 0) { return 0; };
      return devsecopsMode(step);
    case 6:
      if ((state & B00000010) != 0) { return 0; };
      return nuclearMode(step, 3, 0, 0, 0, 10, 20, 0, 150 );
     e4c:	41 f4       	brne	.+16     	; 0xe5e <main+0x292>
main():
     e4e:	38 ec       	ldi	r19, 0xC8	; 200
     e50:	3b 83       	std	Y+3, r19	; 0x03
runAnimationMode():
/home/david/firmware/firmware.ino:1202
  setAllLeds(r * step, g * step, b * step, true);
  if (step == 0 )
  {
    return 200;
  }
  return 30;
     e52:	bb 81       	ldd	r27, Y+3	; 0x03
     e54:	ab 2f       	mov	r26, r27
     e56:	b0 e0       	ldi	r27, 0x00	; 0
main():
/home/david/firmware/firmware.ino:1279
    case 0:
      return knightRider(step);
    case 1:
      return breath(step, 1, 0 , 0);
    case 2:
      return loopingEyes(step, 0, 0, 10);
     e58:	ac 83       	std	Y+4, r26	; 0x04
     e5a:	bd 83       	std	Y+5, r27	; 0x05
     e5c:	23 c0       	rjmp	.+70     	; 0xea4 <main+0x2d8>
     e5e:	8e e1       	ldi	r24, 0x1E	; 30
     e60:	8b 83       	std	Y+3, r24	; 0x03
     e62:	f7 cf       	rjmp	.-18     	; 0xe52 <main+0x286>
runAnimationMode():
     e64:	4a e0       	ldi	r20, 0x0A	; 10
     e66:	60 e0       	ldi	r22, 0x00	; 0
/home/david/firmware/firmware.ino:1281
    case 3:
      return knightRider(step);
     e68:	c8 01       	movw	r24, r16
     e6a:	82 dc       	rcall	.-1788   	; 0x770 <loopingEyes(unsigned int, unsigned char, unsigned char, unsigned char) [clone .constprop.4]>
     e6c:	e8 2f       	mov	r30, r24
     e6e:	f0 e0       	ldi	r31, 0x00	; 0
     e70:	ec 83       	std	Y+4, r30	; 0x04
     e72:	fd 83       	std	Y+5, r31	; 0x05
     e74:	ce cf       	rjmp	.-100    	; 0xe12 <main+0x246>
/home/david/firmware/firmware.ino:1283
    case 4:
      return loopingEyes(step, 10, 0, 0);
     e76:	c8 01       	movw	r24, r16
     e78:	4f dc       	rcall	.-1890   	; 0x718 <knightRider(unsigned int)>
     e7a:	28 2f       	mov	r18, r24
     e7c:	30 e0       	ldi	r19, 0x00	; 0
     e7e:	2c 83       	std	Y+4, r18	; 0x04
     e80:	3d 83       	std	Y+5, r19	; 0x05
     e82:	c7 cf       	rjmp	.-114    	; 0xe12 <main+0x246>
     e84:	40 e0       	ldi	r20, 0x00	; 0
     e86:	6a e0       	ldi	r22, 0x0A	; 10
     e88:	c8 01       	movw	r24, r16
/home/david/firmware/firmware.ino:1285
    case 5:
      if ((state & B00000111) != 0) { return 0; };
     e8a:	72 dc       	rcall	.-1820   	; 0x770 <loopingEyes(unsigned int, unsigned char, unsigned char, unsigned char) [clone .constprop.4]>
     e8c:	a8 2f       	mov	r26, r24
     e8e:	b0 e0       	ldi	r27, 0x00	; 0
     e90:	ac 83       	std	Y+4, r26	; 0x04
/home/david/firmware/firmware.ino:1359

  while (true) {
    int intervalMs = runAnimationMode(animationMode, animationStep);

    if (intervalMs == 0) {
      animationMode++;
     e92:	bd 83       	std	Y+5, r27	; 0x05
     e94:	be cf       	rjmp	.-132    	; 0xe12 <main+0x246>
     e96:	80 91 43 38 	lds	r24, 0x3843	; 0x803843 <state>
/home/david/firmware/firmware.ino:1367
    if (intervalMs < 0) {
      animationMode = 0;
      continue;
    }

    ++animationStep;
     e9a:	87 70       	andi	r24, 0x07	; 7
/home/david/firmware/firmware.ino:1368
    totalIntervalMs += intervalMs;
     e9c:	81 f0       	breq	.+32     	; 0xebe <main+0x2f2>
loop():
     e9e:	f3 94       	inc	r15
     ea0:	1c 82       	std	Y+4, r1	; 0x04
     ea2:	1d 82       	std	Y+5, r1	; 0x05
     ea4:	0f 5f       	subi	r16, 0xFF	; 255
     ea6:	1f 4f       	sbci	r17, 0xFF	; 255
     ea8:	2c 81       	ldd	r18, Y+4	; 0x04
     eaa:	3d 81       	ldd	r19, Y+5	; 0x05
     eac:	c9 01       	movw	r24, r18
     eae:	33 0f       	add	r19, r19
/home/david/firmware/firmware.ino:1126
{
  uint8_t r = 0;
  uint8_t g = 0;
  uint8_t b = 0;

 step = step % 90;
     eb0:	aa 0b       	sbc	r26, r26
     eb2:	bb 0b       	sbc	r27, r27
     eb4:	88 0e       	add	r8, r24
     eb6:	99 1e       	adc	r9, r25
     eb8:	aa 1e       	adc	r10, r26
/home/david/firmware/firmware.ino:1124

uint8_t devsecopsMode(uint16_t step)
{
  uint8_t r = 0;
  uint8_t g = 0;
  uint8_t b = 0;
     eba:	bb 1e       	adc	r11, r27
/home/david/firmware/firmware.ino:1123
};

uint8_t devsecopsMode(uint16_t step)
{
  uint8_t r = 0;
  uint8_t g = 0;
     ebc:	1d c1       	rjmp	.+570    	; 0x10f8 <main+0x52c>
devsecopsMode():
/home/david/firmware/firmware.ino:1130

 step = step % 90;
  
  if (step < 18)
  {
    r = 30; 
     ebe:	c8 01       	movw	r24, r16
/home/david/firmware/firmware.ino:1128
  uint8_t g = 0;
  uint8_t b = 0;

 step = step % 90;
  
  if (step < 18)
     ec0:	6a e5       	ldi	r22, 0x5A	; 90
     ec2:	70 e0       	ldi	r23, 0x00	; 0
     ec4:	0d d2       	rcall	.+1050   	; 0x12e0 <__udivmodhi4>
main():
/home/david/firmware/firmware.ino:1132
  {
    r = 30; 
  }
  else if (step < 36)
     ec6:	20 e0       	ldi	r18, 0x00	; 0
     ec8:	40 e0       	ldi	r20, 0x00	; 0
     eca:	3e e1       	ldi	r19, 0x1E	; 30
devsecopsMode():
/home/david/firmware/firmware.ino:1124

uint8_t devsecopsMode(uint16_t step)
{
  uint8_t r = 0;
  uint8_t g = 0;
  uint8_t b = 0;
     ecc:	82 31       	cpi	r24, 0x12	; 18
/home/david/firmware/firmware.ino:1139
    g = 8;
  }
  else if (step < 54)
  {
    r = 20;
  g = 8;
     ece:	91 05       	cpc	r25, r1
/home/david/firmware/firmware.ino:1138
  {
    g = 8;
  }
  else if (step < 54)
  {
    r = 20;
     ed0:	a8 f0       	brcs	.+42     	; 0xefc <main+0x330>
/home/david/firmware/firmware.ino:1136
  }
  else if (step < 36)
  {
    g = 8;
  }
  else if (step < 54)
     ed2:	84 32       	cpi	r24, 0x24	; 36
     ed4:	91 05       	cpc	r25, r1
     ed6:	78 f0       	brcs	.+30     	; 0xef6 <main+0x32a>
main():
/home/david/firmware/firmware.ino:1144
  g = 8;
  }
  else if (step < 72)
  {
    r = 6;
    b = 30;
     ed8:	20 e0       	ldi	r18, 0x00	; 0
/home/david/firmware/firmware.ino:1123
};

uint8_t devsecopsMode(uint16_t step)
{
  uint8_t r = 0;
  uint8_t g = 0;
     eda:	48 e0       	ldi	r20, 0x08	; 8
/home/david/firmware/firmware.ino:1143
    r = 20;
  g = 8;
  }
  else if (step < 72)
  {
    r = 6;
     edc:	34 e1       	ldi	r19, 0x14	; 20
devsecopsMode():
/home/david/firmware/firmware.ino:1141
  else if (step < 54)
  {
    r = 20;
  g = 8;
  }
  else if (step < 72)
     ede:	86 33       	cpi	r24, 0x36	; 54
     ee0:	91 05       	cpc	r25, r1
     ee2:	60 f0       	brcs	.+24     	; 0xefc <main+0x330>
main():
/home/david/firmware/firmware.ino:1148
    r = 6;
    b = 30;
  }
    else if (step < 90)
  {
    g = 5;
     ee4:	2e e1       	ldi	r18, 0x1E	; 30
/home/david/firmware/firmware.ino:1149
    b = 30;
     ee6:	40 e0       	ldi	r20, 0x00	; 0
/home/david/firmware/firmware.ino:1124

uint8_t devsecopsMode(uint16_t step)
{
  uint8_t r = 0;
  uint8_t g = 0;
  uint8_t b = 0;
     ee8:	36 e0       	ldi	r19, 0x06	; 6
devsecopsMode():
/home/david/firmware/firmware.ino:1134
  {
    r = 30; 
  }
  else if (step < 36)
  {
    g = 8;
     eea:	88 34       	cpi	r24, 0x48	; 72
/home/david/firmware/firmware.ino:1122
   7, 8, 0, 1, 2, 3, 4, 5, 6, 10, 9, 17, 16, 15, 14, 13, 12, 11,
};

uint8_t devsecopsMode(uint16_t step)
{
  uint8_t r = 0;
     eec:	91 05       	cpc	r25, r1
/home/david/firmware/firmware.ino:1151
    else if (step < 90)
  {
    g = 5;
    b = 30;
  }
  uint8_t pos = step % 18;
     eee:	30 f0       	brcs	.+12     	; 0xefc <main+0x330>
main():
     ef0:	4f 2d       	mov	r20, r15
     ef2:	2e e1       	ldi	r18, 0x1E	; 30
/home/david/firmware/firmware.ino:1152
  ledStrip.setPixelColor(pgm_read_byte(&INFINITI_LEDS[pos]), r,g,b);
     ef4:	02 c0       	rjmp	.+4      	; 0xefa <main+0x32e>
     ef6:	20 e0       	ldi	r18, 0x00	; 0
     ef8:	48 e0       	ldi	r20, 0x08	; 8
     efa:	30 e0       	ldi	r19, 0x00	; 0
devsecopsMode():
     efc:	62 e1       	ldi	r22, 0x12	; 18
     efe:	70 e0       	ldi	r23, 0x00	; 0
     f00:	ef d1       	rcall	.+990    	; 0x12e0 <__udivmodhi4>
     f02:	8c 58       	subi	r24, 0x8C	; 140
/home/david/firmware/firmware.ino:1153
  ledStrip.show();
     f04:	9c 46       	sbci	r25, 0x6C	; 108
     f06:	fc 01       	movw	r30, r24
/home/david/firmware/firmware.ino:1286
      return knightRider(step);
    case 4:
      return loopingEyes(step, 10, 0, 0);
    case 5:
      if ((state & B00000111) != 0) { return 0; };
      return devsecopsMode(step);
     f08:	84 91       	lpm	r24, Z
     f0a:	63 2f       	mov	r22, r19
/home/david/firmware/firmware.ino:1299
      if ((state & B00000001) != 0) { return 0; };
      return policeMode(step);
    case 9:
      return spinMode(step, 1, 0, 3, 0,0,3,75);
    case 10:
      return timer(step);
     f0c:	90 e0       	ldi	r25, 0x00	; 0
     f0e:	e0 d8       	rcall	.-3648   	; 0xd0 <tinyNeoPixel::setPixelColor(unsigned int, unsigned char, unsigned char, unsigned char) [clone .constprop.12]>
/home/david/firmware/firmware.ino:1288
      return loopingEyes(step, 10, 0, 0);
    case 5:
      if ((state & B00000111) != 0) { return 0; };
      return devsecopsMode(step);
    case 6:
      if ((state & B00000010) != 0) { return 0; };
     f10:	76 d9       	rcall	.-3348   	; 0x1fe <tinyNeoPixel::show() [clone .constprop.14]>
main():
     f12:	22 e3       	ldi	r18, 0x32	; 50
     f14:	30 e0       	ldi	r19, 0x00	; 0
/home/david/firmware/firmware.ino:1159
  return 50;
}

uint8_t nuclearMode(uint16_t step, uint8_t spacing, uint8_t r, uint8_t g, uint8_t b, uint8_t r2, uint8_t g2, uint8_t b2, uint8_t ret )
{
  uint8_t initial = step % 3;
     f16:	2c 83       	std	Y+4, r18	; 0x04
     f18:	3d 83       	std	Y+5, r19	; 0x05
     f1a:	c4 cf       	rjmp	.-120    	; 0xea4 <main+0x2d8>
runAnimationMode():
     f1c:	80 91 43 38 	lds	r24, 0x3843	; 0x803843 <state>
     f20:	81 fd       	sbrc	r24, 1
/home/david/firmware/firmware.ino:1160
  setAllLeds(r,g,b);
     f22:	bd cf       	rjmp	.-134    	; 0xe9e <main+0x2d2>
nuclearMode():
     f24:	c8 01       	movw	r24, r16
     f26:	63 e0       	ldi	r22, 0x03	; 3
     f28:	70 e0       	ldi	r23, 0x00	; 0
     f2a:	da d1       	rcall	.+948    	; 0x12e0 <__udivmodhi4>
/home/david/firmware/firmware.ino:1163
  for (uint8_t i = 0 + initial; i < 18; i = i + spacing)
  {
    ledStrip.setPixelColor(i, r2, g2, b2);
     f2c:	8b 83       	std	Y+3, r24	; 0x03
     f2e:	20 e0       	ldi	r18, 0x00	; 0
     f30:	40 e0       	ldi	r20, 0x00	; 0
     f32:	60 e0       	ldi	r22, 0x00	; 0
     f34:	80 e0       	ldi	r24, 0x00	; 0
     f36:	cb db       	rcall	.-2154   	; 0x6ce <setAllLeds(unsigned char, unsigned char, unsigned char, bool)>
     f38:	20 e0       	ldi	r18, 0x00	; 0
/home/david/firmware/firmware.ino:1161

uint8_t nuclearMode(uint16_t step, uint8_t spacing, uint8_t r, uint8_t g, uint8_t b, uint8_t r2, uint8_t g2, uint8_t b2, uint8_t ret )
{
  uint8_t initial = step % 3;
  setAllLeds(r,g,b);
  for (uint8_t i = 0 + initial; i < 18; i = i + spacing)
     f3a:	44 e1       	ldi	r20, 0x14	; 20
     f3c:	6a e0       	ldi	r22, 0x0A	; 10
     f3e:	3b 81       	ldd	r19, Y+3	; 0x03
     f40:	83 2f       	mov	r24, r19
/home/david/firmware/firmware.ino:1165
  {
    ledStrip.setPixelColor(i, r2, g2, b2);
  }
  ledStrip.show();
     f42:	90 e0       	ldi	r25, 0x00	; 0
     f44:	c5 d8       	rcall	.-3702   	; 0xd0 <tinyNeoPixel::setPixelColor(unsigned int, unsigned char, unsigned char, unsigned char) [clone .constprop.12]>
/home/david/firmware/firmware.ino:1289
    case 5:
      if ((state & B00000111) != 0) { return 0; };
      return devsecopsMode(step);
    case 6:
      if ((state & B00000010) != 0) { return 0; };
      return nuclearMode(step, 3, 0, 0, 0, 10, 20, 0, 150 );
     f46:	8b 81       	ldd	r24, Y+3	; 0x03
     f48:	8d 5f       	subi	r24, 0xFD	; 253
     f4a:	8b 83       	std	Y+3, r24	; 0x03
/home/david/firmware/firmware.ino:1291
    case 7:
      if ((state & B00000100) != 0) { return 0; };
     f4c:	82 31       	cpi	r24, 0x12	; 18
     f4e:	a0 f3       	brcs	.-24     	; 0xf38 <main+0x36c>
     f50:	56 d9       	rcall	.-3412   	; 0x1fe <tinyNeoPixel::show() [clone .constprop.14]>
main():
     f52:	a6 e9       	ldi	r26, 0x96	; 150
/home/david/firmware/firmware.ino:1160
}

uint8_t nuclearMode(uint16_t step, uint8_t spacing, uint8_t r, uint8_t g, uint8_t b, uint8_t r2, uint8_t g2, uint8_t b2, uint8_t ret )
{
  uint8_t initial = step % 3;
  setAllLeds(r,g,b);
     f54:	b0 e0       	ldi	r27, 0x00	; 0
     f56:	80 cf       	rjmp	.-256    	; 0xe58 <main+0x28c>
runAnimationMode():
     f58:	80 91 43 38 	lds	r24, 0x3843	; 0x803843 <state>
     f5c:	82 fd       	sbrc	r24, 2
     f5e:	9f cf       	rjmp	.-194    	; 0xe9e <main+0x2d2>
nuclearMode():
     f60:	20 e0       	ldi	r18, 0x00	; 0
     f62:	4f ef       	ldi	r20, 0xFF	; 255
     f64:	64 e1       	ldi	r22, 0x14	; 20
/home/david/firmware/firmware.ino:1163
  for (uint8_t i = 0 + initial; i < 18; i = i + spacing)
  {
    ledStrip.setPixelColor(i, r2, g2, b2);
     f66:	8c e0       	ldi	r24, 0x0C	; 12
     f68:	b2 db       	rcall	.-2204   	; 0x6ce <setAllLeds(unsigned char, unsigned char, unsigned char, bool)>
     f6a:	e1 e0       	ldi	r30, 0x01	; 1
     f6c:	f0 e0       	ldi	r31, 0x00	; 0
     f6e:	ec 83       	std	Y+4, r30	; 0x04
     f70:	fd 83       	std	Y+5, r31	; 0x05
     f72:	20 e0       	ldi	r18, 0x00	; 0
     f74:	42 e0       	ldi	r20, 0x02	; 2
     f76:	60 e0       	ldi	r22, 0x00	; 0
     f78:	8c 81       	ldd	r24, Y+4	; 0x04
     f7a:	9d 81       	ldd	r25, Y+5	; 0x05
     f7c:	a9 d8       	rcall	.-3758   	; 0xd0 <tinyNeoPixel::setPixelColor(unsigned int, unsigned char, unsigned char, unsigned char) [clone .constprop.12]>
/home/david/firmware/firmware.ino:1161

uint8_t nuclearMode(uint16_t step, uint8_t spacing, uint8_t r, uint8_t g, uint8_t b, uint8_t r2, uint8_t g2, uint8_t b2, uint8_t ret )
{
  uint8_t initial = step % 3;
  setAllLeds(r,g,b);
  for (uint8_t i = 0 + initial; i < 18; i = i + spacing)
     f7e:	2c 81       	ldd	r18, Y+4	; 0x04
     f80:	3d 81       	ldd	r19, Y+5	; 0x05
     f82:	2d 5f       	subi	r18, 0xFD	; 253
/home/david/firmware/firmware.ino:1165
  {
    ledStrip.setPixelColor(i, r2, g2, b2);
  }
  ledStrip.show();
     f84:	3f 4f       	sbci	r19, 0xFF	; 255
/home/david/firmware/firmware.ino:1292
    case 6:
      if ((state & B00000010) != 0) { return 0; };
      return nuclearMode(step, 3, 0, 0, 0, 10, 20, 0, 150 );
    case 7:
      if ((state & B00000100) != 0) { return 0; };
      return nuclearMode(4, 3, 12, 20, 255, 0, 2, 0, 250 ); // york rose
     f86:	2c 83       	std	Y+4, r18	; 0x04
     f88:	3d 83       	std	Y+5, r19	; 0x05
/home/david/firmware/firmware.ino:1297
    case 8:
      if ((state & B00000001) != 0) { return 0; };
      return policeMode(step);
    case 9:
      return spinMode(step, 1, 0, 3, 0,0,3,75);
     f8a:	23 31       	cpi	r18, 0x13	; 19
     f8c:	31 05       	cpc	r19, r1
     f8e:	89 f7       	brne	.-30     	; 0xf72 <main+0x3a6>
/home/david/firmware/firmware.ino:1294
      return nuclearMode(step, 3, 0, 0, 0, 10, 20, 0, 150 );
    case 7:
      if ((state & B00000100) != 0) { return 0; };
      return nuclearMode(4, 3, 12, 20, 255, 0, 2, 0, 250 ); // york rose
    case 8:
      if ((state & B00000001) != 0) { return 0; };
     f90:	36 d9       	rcall	.-3476   	; 0x1fe <tinyNeoPixel::show() [clone .constprop.14]>
main():
     f92:	8a ef       	ldi	r24, 0xFA	; 250
     f94:	90 e0       	ldi	r25, 0x00	; 0
/home/david/firmware/firmware.ino:1106
  return 100;
}

uint8_t policeMode(uint16_t step)
{
  uint8_t initial = step % 2;
     f96:	8c 83       	std	Y+4, r24	; 0x04
     f98:	9d 83       	std	Y+5, r25	; 0x05
     f9a:	84 cf       	rjmp	.-248    	; 0xea4 <main+0x2d8>
runAnimationMode():
/home/david/firmware/firmware.ino:1107
  setAllLeds(10,0,0);
     f9c:	80 91 43 38 	lds	r24, 0x3843	; 0x803843 <state>
     fa0:	80 fd       	sbrc	r24, 0
     fa2:	7d cf       	rjmp	.-262    	; 0xe9e <main+0x2d2>
policeMode():
     fa4:	90 2f       	mov	r25, r16
/home/david/firmware/firmware.ino:1110
  for (uint8_t i = 0 + initial; i < 18; i = i + 2)
  {
    ledStrip.setPixelColor(i, 0,0,255);
     fa6:	91 70       	andi	r25, 0x01	; 1
     fa8:	9b 83       	std	Y+3, r25	; 0x03
     faa:	20 e0       	ldi	r18, 0x00	; 0
     fac:	40 e0       	ldi	r20, 0x00	; 0
     fae:	60 e0       	ldi	r22, 0x00	; 0
     fb0:	8a e0       	ldi	r24, 0x0A	; 10
     fb2:	8d db       	rcall	.-2278   	; 0x6ce <setAllLeds(unsigned char, unsigned char, unsigned char, bool)>
/home/david/firmware/firmware.ino:1108

uint8_t policeMode(uint16_t step)
{
  uint8_t initial = step % 2;
  setAllLeds(10,0,0);
  for (uint8_t i = 0 + initial; i < 18; i = i + 2)
     fb4:	2f ef       	ldi	r18, 0xFF	; 255
     fb6:	40 e0       	ldi	r20, 0x00	; 0
     fb8:	60 e0       	ldi	r22, 0x00	; 0
     fba:	ab 81       	ldd	r26, Y+3	; 0x03
/home/david/firmware/firmware.ino:1234

    if (flashOn) {
      setAllLeds(10, 0, 0);
    }

    ledStrip.show();
     fbc:	8a 2f       	mov	r24, r26
     fbe:	90 e0       	ldi	r25, 0x00	; 0
/home/david/firmware/firmware.ino:1299
      if ((state & B00000001) != 0) { return 0; };
      return policeMode(step);
    case 9:
      return spinMode(step, 1, 0, 3, 0,0,3,75);
    case 10:
      return timer(step);
     fc0:	87 d8       	rcall	.-3826   	; 0xd0 <tinyNeoPixel::setPixelColor(unsigned int, unsigned char, unsigned char, unsigned char) [clone .constprop.12]>
     fc2:	bb 81       	ldd	r27, Y+3	; 0x03
     fc4:	be 5f       	subi	r27, 0xFE	; 254
     fc6:	bb 83       	std	Y+3, r27	; 0x03
/home/david/firmware/firmware.ino:1179
  10, 9, 17, 16, 15, 14, 13, 12, 11,
};

uint8_t spinMode(uint16_t step, uint8_t r, uint8_t g, uint8_t b, uint8_t r2, uint8_t g2, uint8_t b2, uint8_t ret, uint8_t offset = 0 )
{
  step = step % 9;
     fc8:	b2 31       	cpi	r27, 0x12	; 18
     fca:	a0 f3       	brcs	.-24     	; 0xfb4 <main+0x3e8>
timer():
     fcc:	18 d9       	rcall	.-3536   	; 0x1fe <tinyNeoPixel::show() [clone .constprop.14]>
main():
     fce:	e4 e6       	ldi	r30, 0x64	; 100
     fd0:	f0 e0       	ldi	r31, 0x00	; 0
/home/david/firmware/firmware.ino:1180
  setAllLeds(0,0,0);
     fd2:	ec 83       	std	Y+4, r30	; 0x04
     fd4:	fd 83       	std	Y+5, r31	; 0x05
     fd6:	66 cf       	rjmp	.-308    	; 0xea4 <main+0x2d8>
spinMode():
     fd8:	c8 01       	movw	r24, r16
     fda:	b2 01       	movw	r22, r4
/home/david/firmware/firmware.ino:1181
  for (uint8_t i = 0; i < 7; i++ )
     fdc:	81 d1       	rcall	.+770    	; 0x12e0 <__udivmodhi4>
     fde:	6c 01       	movw	r12, r24
     fe0:	20 e0       	ldi	r18, 0x00	; 0
     fe2:	40 e0       	ldi	r20, 0x00	; 0
/home/david/firmware/firmware.ino:1183
  {
    ledStrip.setPixelColor(pgm_read_byte(&SPIN_LEDS_LEFT[(step + i) % 9]), r * i,g * i,b * i);
     fe4:	60 e0       	ldi	r22, 0x00	; 0
     fe6:	80 e0       	ldi	r24, 0x00	; 0
     fe8:	72 db       	rcall	.-2332   	; 0x6ce <setAllLeds(unsigned char, unsigned char, unsigned char, bool)>
main():
     fea:	e1 2c       	mov	r14, r1
     fec:	7e 2c       	mov	r7, r14
     fee:	77 0c       	add	r7, r7
     ff0:	7e 0c       	add	r7, r14
spinMode():
     ff2:	c6 01       	movw	r24, r12
     ff4:	b2 01       	movw	r22, r4
     ff6:	74 d1       	rcall	.+744    	; 0x12e0 <__udivmodhi4>
     ff8:	8c 83       	std	Y+4, r24	; 0x04
     ffa:	9d 83       	std	Y+5, r25	; 0x05
     ffc:	fc 01       	movw	r30, r24
     ffe:	e1 57       	subi	r30, 0x71	; 113
/home/david/firmware/firmware.ino:1184
    ledStrip.setPixelColor(pgm_read_byte(&SPIN_LEDS_RIGHT[(step + i + offset) % 9]), r2 * i,g2 * i,b2 * i);
    1000:	fc 46       	sbci	r31, 0x6C	; 108
    1002:	84 91       	lpm	r24, Z
    1004:	27 2d       	mov	r18, r7
    1006:	40 e0       	ldi	r20, 0x00	; 0
    1008:	6e 2d       	mov	r22, r14
    100a:	90 e0       	ldi	r25, 0x00	; 0
    100c:	61 d8       	rcall	.-3902   	; 0xd0 <tinyNeoPixel::setPixelColor(unsigned int, unsigned char, unsigned char, unsigned char) [clone .constprop.12]>
    100e:	ec 81       	ldd	r30, Y+4	; 0x04
    1010:	fd 81       	ldd	r31, Y+5	; 0x05
    1012:	ea 57       	subi	r30, 0x7A	; 122
/home/david/firmware/firmware.ino:1181

uint8_t spinMode(uint16_t step, uint8_t r, uint8_t g, uint8_t b, uint8_t r2, uint8_t g2, uint8_t b2, uint8_t ret, uint8_t offset = 0 )
{
  step = step % 9;
  setAllLeds(0,0,0);
  for (uint8_t i = 0; i < 7; i++ )
    1014:	fc 46       	sbci	r31, 0x6C	; 108
    1016:	e4 91       	lpm	r30, Z
    1018:	27 2d       	mov	r18, r7
    101a:	40 e0       	ldi	r20, 0x00	; 0
    101c:	60 e0       	ldi	r22, 0x00	; 0
    101e:	8e 2f       	mov	r24, r30
/home/david/firmware/firmware.ino:1186
  {
    ledStrip.setPixelColor(pgm_read_byte(&SPIN_LEDS_LEFT[(step + i) % 9]), r * i,g * i,b * i);
    ledStrip.setPixelColor(pgm_read_byte(&SPIN_LEDS_RIGHT[(step + i + offset) % 9]), r2 * i,g2 * i,b2 * i);
  }
  ledStrip.show();
    1020:	90 e0       	ldi	r25, 0x00	; 0
    1022:	56 d8       	rcall	.-3924   	; 0xd0 <tinyNeoPixel::setPixelColor(unsigned int, unsigned char, unsigned char, unsigned char) [clone .constprop.12]>
/home/david/firmware/firmware.ino:1297
      return nuclearMode(4, 3, 12, 20, 255, 0, 2, 0, 250 ); // york rose
    case 8:
      if ((state & B00000001) != 0) { return 0; };
      return policeMode(step);
    case 9:
      return spinMode(step, 1, 0, 3, 0,0,3,75);
    1024:	e3 94       	inc	r14
    1026:	ff ef       	ldi	r31, 0xFF	; 255
    1028:	cf 1a       	sub	r12, r31
/home/david/firmware/firmware.ino:1221
  const uint16_t minuteSteps = multiplier * eyeLedCount;
  const uint16_t timerSteps = minuteSteps * totalMinutes;
  const uint16_t finishedSteps = 5000 / frameMs;      // 5 seconds

  const uint16_t totalSteps = preFlashSteps + timerSteps + finishedSteps;
  step = step % totalSteps;
    102a:	df 0a       	sbc	r13, r31
    102c:	27 e0       	ldi	r18, 0x07	; 7
    102e:	e2 12       	cpse	r14, r18
    1030:	dd cf       	rjmp	.-70     	; 0xfec <main+0x420>
    1032:	e5 d8       	rcall	.-3638   	; 0x1fe <tinyNeoPixel::show() [clone .constprop.14]>
main():
    1034:	8b e4       	ldi	r24, 0x4B	; 75
/home/david/firmware/firmware.ino:1224

  // Clear both eyes.
  setAllLeds(0, 0, 0);
    1036:	90 e0       	ldi	r25, 0x00	; 0
    1038:	ae cf       	rjmp	.-164    	; 0xf96 <main+0x3ca>
timer():
    103a:	c8 01       	movw	r24, r16
    103c:	6f e3       	ldi	r22, 0x3F	; 63
    103e:	74 e1       	ldi	r23, 0x14	; 20
/home/david/firmware/firmware.ino:1227

  // First 3 seconds: flash on/off every half second.
  if (step < preFlashSteps) {
    1040:	4f d1       	rcall	.+670    	; 0x12e0 <__udivmodhi4>
    1042:	8c 83       	std	Y+4, r24	; 0x04
    1044:	9d 83       	std	Y+5, r25	; 0x05
    1046:	20 e0       	ldi	r18, 0x00	; 0
/home/david/firmware/firmware.ino:1228
    const bool flashOn = ((step / halfSecondSteps) % 2) == 0;
    1048:	40 e0       	ldi	r20, 0x00	; 0
    104a:	60 e0       	ldi	r22, 0x00	; 0
    104c:	80 e0       	ldi	r24, 0x00	; 0
    104e:	3f db       	rcall	.-2434   	; 0x6ce <setAllLeds(unsigned char, unsigned char, unsigned char, bool)>
    1050:	ac 81       	ldd	r26, Y+4	; 0x04
/home/david/firmware/firmware.ino:1230

    if (flashOn) {
    1052:	bd 81       	ldd	r27, Y+5	; 0x05
    1054:	ae 31       	cpi	r26, 0x1E	; 30
/home/david/firmware/firmware.ino:1231
      setAllLeds(10, 0, 0);
    1056:	b1 05       	cpc	r27, r1
    1058:	60 f4       	brcc	.+24     	; 0x1072 <main+0x4a6>
    105a:	cd 01       	movw	r24, r26
    105c:	65 e0       	ldi	r22, 0x05	; 5
    105e:	70 e0       	ldi	r23, 0x00	; 0
    1060:	3f d1       	rcall	.+638    	; 0x12e0 <__udivmodhi4>
/home/david/firmware/firmware.ino:1238

    ledStrip.show();
    return frameMs;
  }

  step -= preFlashSteps;
    1062:	60 fd       	sbrc	r22, 0
    1064:	b3 cf       	rjmp	.-154    	; 0xfcc <main+0x400>
    1066:	20 e0       	ldi	r18, 0x00	; 0
/home/david/firmware/firmware.ino:1241

  // Timer phase.
  if (step < timerSteps) {
    1068:	40 e0       	ldi	r20, 0x00	; 0
    106a:	60 e0       	ldi	r22, 0x00	; 0
    106c:	8a e0       	ldi	r24, 0x0A	; 10
/home/david/firmware/firmware.ino:1242
    const uint8_t completedMinutes = step / minuteSteps;
    106e:	2f db       	rcall	.-2466   	; 0x6ce <setAllLeds(unsigned char, unsigned char, unsigned char, bool)>
    1070:	ad cf       	rjmp	.-166    	; 0xfcc <main+0x400>
    1072:	8c 81       	ldd	r24, Y+4	; 0x04
    1074:	9d 81       	ldd	r25, Y+5	; 0x05
    1076:	4e 97       	sbiw	r24, 0x1e	; 30
/home/david/firmware/firmware.ino:1245
    const uint16_t currentMinuteStep = step % minuteSteps;

    uint8_t rightEyeLedsLit = (currentMinuteStep / multiplier) + 1;
    1078:	8f 3e       	cpi	r24, 0xEF	; 239
    107a:	f3 e1       	ldi	r31, 0x13	; 19
    107c:	9f 07       	cpc	r25, r31
    107e:	90 f5       	brcc	.+100    	; 0x10e4 <main+0x518>
    1080:	67 e3       	ldi	r22, 0x37	; 55
    1082:	72 e0       	ldi	r23, 0x02	; 2
    1084:	2d d1       	rcall	.+602    	; 0x12e0 <__udivmodhi4>
    1086:	d6 2e       	mov	r13, r22
    1088:	6f e3       	ldi	r22, 0x3F	; 63
/home/david/firmware/firmware.ino:1252
    if (rightEyeLedsLit > eyeLedCount) {
      rightEyeLedsLit = eyeLedCount;
    }

    // Left eye: one light per completed minute.
    for (uint8_t ledIndex = 0; ledIndex < completedMinutes; ++ledIndex) {
    108a:	70 e0       	ldi	r23, 0x00	; 0
    108c:	29 d1       	rcall	.+594    	; 0x12e0 <__udivmodhi4>
    108e:	ee 24       	eor	r14, r14
/home/david/firmware/firmware.ino:1253
      ledStrip.setPixelColor(ledIndex, 10, 0, 0);
    1090:	e3 94       	inc	r14
    1092:	e6 0e       	add	r14, r22
    1094:	1c 82       	std	Y+4, r1	; 0x04
    1096:	1d 82       	std	Y+5, r1	; 0x05
    1098:	2c 81       	ldd	r18, Y+4	; 0x04
    109a:	2d 15       	cp	r18, r13
    109c:	d8 f4       	brcc	.+54     	; 0x10d4 <main+0x508>
    109e:	20 e0       	ldi	r18, 0x00	; 0
    10a0:	40 e0       	ldi	r20, 0x00	; 0
    10a2:	6a e0       	ldi	r22, 0x0A	; 10
    10a4:	8c 81       	ldd	r24, Y+4	; 0x04
    10a6:	9d 81       	ldd	r25, Y+5	; 0x05
/home/david/firmware/firmware.ino:1257
    }

    // Right eye: progress through the current minute.
    for (uint8_t ledIndex = 0; ledIndex < rightEyeLedsLit; ++ledIndex) {
    10a8:	13 d8       	rcall	.-4058   	; 0xd0 <tinyNeoPixel::setPixelColor(unsigned int, unsigned char, unsigned char, unsigned char) [clone .constprop.12]>
    10aa:	8c 81       	ldd	r24, Y+4	; 0x04
    10ac:	9d 81       	ldd	r25, Y+5	; 0x05
    10ae:	01 96       	adiw	r24, 0x01	; 1
    10b0:	8c 83       	std	Y+4, r24	; 0x04
    10b2:	9d 83       	std	Y+5, r25	; 0x05
    10b4:	f1 cf       	rjmp	.-30     	; 0x1098 <main+0x4cc>
/home/david/firmware/firmware.ino:305
  setLeftEye(red, green, blue, 9);
}

void setRightEyeLed(uint8_t ledIndex, uint8_t red, uint8_t green, uint8_t blue)
{
  ledStrip.setPixelColor(ledIndex == 0 ? 17 : ledIndex + 8, red, green, blue);
    10b6:	8c 81       	ldd	r24, Y+4	; 0x04
    10b8:	9d 81       	ldd	r25, Y+5	; 0x05
    10ba:	ac 81       	ldd	r26, Y+4	; 0x04
    10bc:	bd 81       	ldd	r27, Y+5	; 0x05
    10be:	11 96       	adiw	r26, 0x01	; 1
/home/david/firmware/firmware.ino:1257
    for (uint8_t ledIndex = 0; ledIndex < completedMinutes; ++ledIndex) {
      ledStrip.setPixelColor(ledIndex, 10, 0, 0);
    }

    // Right eye: progress through the current minute.
    for (uint8_t ledIndex = 0; ledIndex < rightEyeLedsLit; ++ledIndex) {
    10c0:	ac 83       	std	Y+4, r26	; 0x04
    10c2:	bd 83       	std	Y+5, r27	; 0x05
setRightEyeLed():
    10c4:	20 e0       	ldi	r18, 0x00	; 0
    10c6:	40 e0       	ldi	r20, 0x00	; 0
/home/david/firmware/firmware.ino:1252
    if (rightEyeLedsLit > eyeLedCount) {
      rightEyeLedsLit = eyeLedCount;
    }

    // Left eye: one light per completed minute.
    for (uint8_t ledIndex = 0; ledIndex < completedMinutes; ++ledIndex) {
    10c8:	6a e0       	ldi	r22, 0x0A	; 10
    10ca:	02 d8       	rcall	.-4092   	; 0xd0 <tinyNeoPixel::setPixelColor(unsigned int, unsigned char, unsigned char, unsigned char) [clone .constprop.12]>
timer():
    10cc:	d3 94       	inc	r13
    10ce:	de 14       	cp	r13, r14
/home/david/firmware/firmware.ino:1257
      ledStrip.setPixelColor(ledIndex, 10, 0, 0);
    }

    // Right eye: progress through the current minute.
    for (uint8_t ledIndex = 0; ledIndex < rightEyeLedsLit; ++ledIndex) {
    10d0:	90 f3       	brcs	.-28     	; 0x10b6 <main+0x4ea>
/home/david/firmware/firmware.ino:305
  setLeftEye(red, green, blue, 9);
}

void setRightEyeLed(uint8_t ledIndex, uint8_t red, uint8_t green, uint8_t blue)
{
  ledStrip.setPixelColor(ledIndex == 0 ? 17 : ledIndex + 8, red, green, blue);
    10d2:	7c cf       	rjmp	.-264    	; 0xfcc <main+0x400>
    10d4:	e9 e0       	ldi	r30, 0x09	; 9
    10d6:	f0 e0       	ldi	r31, 0x00	; 0
/home/david/firmware/firmware.ino:1266
    ledStrip.show();
    return frameMs;
  }

  // Finished phase: both eyes green for 5 seconds.
  setAllLeds(0, 30, 0, true);
    10d8:	ec 83       	std	Y+4, r30	; 0x04
    10da:	fd 83       	std	Y+5, r31	; 0x05
main():
    10dc:	d1 2c       	mov	r13, r1
    10de:	81 e1       	ldi	r24, 0x11	; 17
    10e0:	90 e0       	ldi	r25, 0x00	; 0
    10e2:	f0 cf       	rjmp	.-32     	; 0x10c4 <main+0x4f8>
timer():
/home/david/firmware/firmware.ino:1299
      if ((state & B00000001) != 0) { return 0; };
      return policeMode(step);
    case 9:
      return spinMode(step, 1, 0, 3, 0,0,3,75);
    case 10:
      return timer(step);
    10e4:	21 e0       	ldi	r18, 0x01	; 1
    10e6:	40 e0       	ldi	r20, 0x00	; 0
    10e8:	6e e1       	ldi	r22, 0x1E	; 30
/home/david/firmware/firmware.ino:1380
      const uint16_t buttonLowTime = measureWakeButtonLowTime(MAX_BUTTON_HOLD_MS);
      if (buttonLowTime > SHORT_PRESS_THRESHOLD_MS) {
        handleWakeButtonPress(buttonLowTime, animationMode, animationStep, totalIntervalMs);
      }
      else if (buttonLowTime > 0) {
        animationStep = 0;
    10ea:	80 e0       	ldi	r24, 0x00	; 0
    10ec:	f0 da       	rcall	.-2592   	; 0x6ce <setAllLeds(unsigned char, unsigned char, unsigned char, bool)>
main():
/home/david/firmware/firmware.ino:1370
    }

    ++animationStep;
    totalIntervalMs += intervalMs;

    while (intervalMs > 0) {
    10ee:	24 e6       	ldi	r18, 0x64	; 100
    10f0:	30 e0       	ldi	r19, 0x00	; 0
    10f2:	11 cf       	rjmp	.-478    	; 0xf16 <main+0x34a>
    10f4:	10 e0       	ldi	r17, 0x00	; 0
    10f6:	00 e0       	ldi	r16, 0x00	; 0
loop():
    10f8:	ac 81       	ldd	r26, Y+4	; 0x04
    10fa:	bd 81       	ldd	r27, Y+5	; 0x05
    10fc:	1a 16       	cp	r1, r26
    10fe:	1b 06       	cpc	r1, r27
    1100:	0c f0       	brlt	.+2      	; 0x1104 <main+0x538>
/home/david/firmware/firmware.ino:121
}


uint8_t getPressedTouchMask()
{
  uint8_t pressedMask = 0;
    1102:	92 c0       	rjmp	.+292    	; 0x1228 <main+0x65c>
/home/david/Arduino/libraries/ptc_touch/src/ptc_touch.h:173
// returns true, if node is a valid pointer and node is touched, otherwise false. 
// No other return value so there can be easy checks - not null or null
inline uint8_t ptc_get_node_touched(cap_sensor_t* node) {
  if (node == NULL) return 0x00;

  if (node->stateMachine & (PTC_SM_TOUCH_DETECT | PTC_SM_TOUCH_OUT_FLT)) 
    1104:	e4 e4       	ldi	r30, 0x44	; 68
    1106:	f8 e3       	ldi	r31, 0x38	; 56
    1108:	90 e0       	ldi	r25, 0x00	; 0
/home/david/firmware/firmware.ino:125

  for (uint8_t buttonIndex = 0; buttonIndex < NUM_TOUCH_BUTTONS; ++buttonIndex) {
    if (ptc_get_node_touched(&touchButtons[buttonIndex])) {
      pressedMask |= (1 << buttonIndex);
    110a:	80 e0       	ldi	r24, 0x00	; 0
main():
    110c:	e1 2c       	mov	r14, r1
ptc_get_node_touched():
    110e:	27 89       	ldd	r18, Z+23	; 0x17
    1110:	20 76       	andi	r18, 0x60	; 96
    1112:	41 f0       	breq	.+16     	; 0x1124 <main+0x558>
getPressedTouchMask():
    1114:	21 e0       	ldi	r18, 0x01	; 1
    1116:	30 e0       	ldi	r19, 0x00	; 0
    1118:	08 2e       	mov	r0, r24
    111a:	01 c0       	rjmp	.+2      	; 0x111e <main+0x552>
    111c:	22 0f       	add	r18, r18
/home/david/firmware/firmware.ino:123

uint8_t getPressedTouchMask()
{
  uint8_t pressedMask = 0;

  for (uint8_t buttonIndex = 0; buttonIndex < NUM_TOUCH_BUTTONS; ++buttonIndex) {
    111e:	0a 94       	dec	r0
    1120:	ea f7       	brpl	.-6      	; 0x111c <main+0x550>
    1122:	e2 2a       	or	r14, r18
/home/david/firmware/firmware.ino:312

void showTouchedPads()
{
  const uint8_t pressedMask = getPressedTouchMask();

  if (pressedMask & (LEFT_BLUE_MASK | LEFT_RED_MASK | LEFT_GREEN_MASK)) {
    1124:	01 96       	adiw	r24, 0x01	; 1
    1126:	79 96       	adiw	r30, 0x19	; 25
    1128:	86 30       	cpi	r24, 0x06	; 6
/home/david/firmware/firmware.ino:313
    setLeftEye(
    112a:	91 05       	cpc	r25, r1
    112c:	81 f7       	brne	.-32     	; 0x110e <main+0x542>
showTouchedPads():
    112e:	8e 2d       	mov	r24, r14
    1130:	87 70       	andi	r24, 0x07	; 7
    1132:	d9 f0       	breq	.+54     	; 0x116a <main+0x59e>
    1134:	e0 fe       	sbrs	r14, 0
    1136:	68 c0       	rjmp	.+208    	; 0x1208 <main+0x63c>
main():
    1138:	b4 e1       	ldi	r27, 0x14	; 20
    113a:	bb 83       	std	Y+3, r27	; 0x03
    113c:	64 e1       	ldi	r22, 0x14	; 20
    113e:	66 2e       	mov	r6, r22
showTouchedPads():
    1140:	e2 fe       	sbrs	r14, 2
main():
    1142:	61 2c       	mov	r6, r1
    1144:	54 e1       	ldi	r21, 0x14	; 20
/home/david/firmware/firmware.ino:294
}

void setLeftEye(uint8_t red, uint8_t green, uint8_t blue, uint8_t offset = 0)
{
  for (uint8_t ledIndex = offset; ledIndex < 9 + offset; ++ledIndex) {
    ledStrip.setPixelColor(ledIndex, red, green, blue);
    1146:	75 2e       	mov	r7, r21
showTouchedPads():
    1148:	e1 fe       	sbrs	r14, 1
main():
    114a:	71 2c       	mov	r7, r1
    114c:	d1 2c       	mov	r13, r1
    114e:	c1 2c       	mov	r12, r1
setLeftEye():
    1150:	2b 81       	ldd	r18, Y+3	; 0x03
    1152:	46 2d       	mov	r20, r6
    1154:	67 2d       	mov	r22, r7
    1156:	c6 01       	movw	r24, r12
/home/david/firmware/firmware.ino:293
  return 100;
}

void setLeftEye(uint8_t red, uint8_t green, uint8_t blue, uint8_t offset = 0)
{
  for (uint8_t ledIndex = offset; ledIndex < 9 + offset; ++ledIndex) {
    1158:	0e 94 68 00 	call	0xd0	; 0xd0 <tinyNeoPixel::setPixelColor(unsigned int, unsigned char, unsigned char, unsigned char) [clone .constprop.12]>
    115c:	ef ef       	ldi	r30, 0xFF	; 255
/home/david/firmware/firmware.ino:320
      (pressedMask & LEFT_GREEN_MASK) ? 20 : 0,
      (pressedMask & LEFT_BLUE_MASK) ? 20 : 0
    );
  }

  if (pressedMask & (RIGHT_BLUE_MASK | RIGHT_RED_MASK | RIGHT_GREEN_MASK)) {
    115e:	ce 1a       	sub	r12, r30
    1160:	de 0a       	sbc	r13, r30
    1162:	f9 e0       	ldi	r31, 0x09	; 9
/home/david/firmware/firmware.ino:321
    setRightEye(
    1164:	cf 16       	cp	r12, r31
    1166:	d1 04       	cpc	r13, r1
    1168:	99 f7       	brne	.-26     	; 0x1150 <main+0x584>
showTouchedPads():
    116a:	8e 2d       	mov	r24, r14
    116c:	88 73       	andi	r24, 0x38	; 56
    116e:	e1 f0       	breq	.+56     	; 0x11a8 <main+0x5dc>
main():
    1170:	44 e1       	ldi	r20, 0x14	; 20
    1172:	64 2e       	mov	r6, r20
showTouchedPads():
    1174:	e5 fe       	sbrs	r14, 5
main():
    1176:	61 2c       	mov	r6, r1
    1178:	34 e1       	ldi	r19, 0x14	; 20
    117a:	73 2e       	mov	r7, r19
showTouchedPads():
    117c:	e3 fe       	sbrs	r14, 3
main():
/home/david/firmware/firmware.ino:294
}

void setLeftEye(uint8_t red, uint8_t green, uint8_t blue, uint8_t offset = 0)
{
  for (uint8_t ledIndex = offset; ledIndex < 9 + offset; ++ledIndex) {
    ledStrip.setPixelColor(ledIndex, red, green, blue);
    117e:	71 2c       	mov	r7, r1
showTouchedPads():
    1180:	e4 fe       	sbrs	r14, 4
    1182:	44 c0       	rjmp	.+136    	; 0x120c <main+0x640>
main():
    1184:	24 e1       	ldi	r18, 0x14	; 20
    1186:	e2 2e       	mov	r14, r18
    1188:	99 e0       	ldi	r25, 0x09	; 9
    118a:	c9 2e       	mov	r12, r25
    118c:	d1 2c       	mov	r13, r1
setLeftEye():
/home/david/firmware/firmware.ino:293
  return 100;
}

void setLeftEye(uint8_t red, uint8_t green, uint8_t blue, uint8_t offset = 0)
{
  for (uint8_t ledIndex = offset; ledIndex < 9 + offset; ++ledIndex) {
    118e:	26 2d       	mov	r18, r6
    1190:	47 2d       	mov	r20, r7
    1192:	6e 2d       	mov	r22, r14
/home/david/firmware/firmware.ino:328
      (pressedMask & RIGHT_GREEN_MASK) ? 20 : 0,
      (pressedMask & RIGHT_BLUE_MASK) ? 20 : 0
    );
  }

  ledStrip.show();
    1194:	c6 01       	movw	r24, r12
    1196:	0e 94 68 00 	call	0xd0	; 0xd0 <tinyNeoPixel::setPixelColor(unsigned int, unsigned char, unsigned char, unsigned char) [clone .constprop.12]>
/home/david/firmware/firmware.ino:1372
    ++animationStep;
    totalIntervalMs += intervalMs;

    while (intervalMs > 0) {
      showTouchedPads();
      delay(TOUCH_POLL_MS);
    119a:	2f ef       	ldi	r18, 0xFF	; 255
    119c:	c2 1a       	sub	r12, r18
    119e:	d2 0a       	sbc	r13, r18
    11a0:	32 e1       	ldi	r19, 0x12	; 18
/home/david/firmware/firmware.ino:1373
      intervalMs -= TOUCH_POLL_MS;
    11a2:	c3 16       	cp	r12, r19
    11a4:	d1 04       	cpc	r13, r1
    11a6:	99 f7       	brne	.-26     	; 0x118e <main+0x5c2>
showTouchedPads():
    11a8:	2a d8       	rcall	.-4012   	; 0x1fe <tinyNeoPixel::show() [clone .constprop.14]>
loop():
    11aa:	6a e0       	ldi	r22, 0x0A	; 10
/home/david/firmware/firmware.ino:260
  }
}

uint16_t measureWakeButtonLowTime(uint16_t maxMs)
{
  if (digitalRead(WAKE_BUTTON_PIN) == HIGH) {
    11ac:	70 e0       	ldi	r23, 0x00	; 0
    11ae:	80 e0       	ldi	r24, 0x00	; 0
    11b0:	90 e0       	ldi	r25, 0x00	; 0
    11b2:	ac d8       	rcall	.-3752   	; 0x30c <delay>
/home/david/firmware/firmware.ino:264
    return 0;
  }

  delay(BUTTON_DEBOUNCE_MS);
    11b4:	8c 81       	ldd	r24, Y+4	; 0x04
    11b6:	9d 81       	ldd	r25, Y+5	; 0x05
    11b8:	0a 97       	sbiw	r24, 0x0a	; 10
    11ba:	8c 83       	std	Y+4, r24	; 0x04
    11bc:	9d 83       	std	Y+5, r25	; 0x05
measureWakeButtonLowTime():
    11be:	fc da       	rcall	.-2568   	; 0x7b8 <digitalRead.constprop.23>
/home/david/firmware/firmware.ino:265
  uint16_t elapsedMs = BUTTON_DEBOUNCE_MS;
    11c0:	81 30       	cpi	r24, 0x01	; 1
    11c2:	09 f4       	brne	.+2      	; 0x11c6 <main+0x5fa>
    11c4:	99 cf       	rjmp	.-206    	; 0x10f8 <main+0x52c>
/home/david/firmware/firmware.ino:267

  while (digitalRead(WAKE_BUTTON_PIN) == LOW) {
    11c6:	62 e3       	ldi	r22, 0x32	; 50
    11c8:	70 e0       	ldi	r23, 0x00	; 0
    11ca:	80 e0       	ldi	r24, 0x00	; 0
    11cc:	90 e0       	ldi	r25, 0x00	; 0
/home/david/firmware/firmware.ino:268
    delay(5);
    11ce:	9e d8       	rcall	.-3780   	; 0x30c <delay>
main():
    11d0:	82 e3       	ldi	r24, 0x32	; 50
    11d2:	c8 2e       	mov	r12, r24
    11d4:	d1 2c       	mov	r13, r1
measureWakeButtonLowTime():
    11d6:	f0 da       	rcall	.-2592   	; 0x7b8 <digitalRead.constprop.23>
    11d8:	81 11       	cpse	r24, r1
/home/david/firmware/firmware.ino:269
    elapsedMs += 5;
    11da:	1a c0       	rjmp	.+52     	; 0x1210 <main+0x644>
    11dc:	65 e0       	ldi	r22, 0x05	; 5
    11de:	70 e0       	ldi	r23, 0x00	; 0
/home/david/firmware/firmware.ino:271

    if (elapsedMs > maxMs) {
    11e0:	80 e0       	ldi	r24, 0x00	; 0
    11e2:	90 e0       	ldi	r25, 0x00	; 0
    11e4:	93 d8       	rcall	.-3802   	; 0x30c <delay>
    11e6:	95 e0       	ldi	r25, 0x05	; 5
    11e8:	c9 0e       	add	r12, r25
/home/david/firmware/firmware.ino:1314
  uint32_t &totalIntervalMs
)
{
  // Pause animation during long press
  if (heldMs > LONG_PRESS_THRESHOLD_MS) {
    while (digitalRead(WAKE_BUTTON_PIN) == LOW) {
    11ea:	d1 1c       	adc	r13, r1
    11ec:	a5 ed       	ldi	r26, 0xD5	; 213
    11ee:	ca 16       	cp	r12, r26
    11f0:	a7 e0       	ldi	r26, 0x07	; 7
/home/david/firmware/firmware.ino:1315
      delay(5);
    11f2:	da 06       	cpc	r13, r26
    11f4:	81 f7       	brne	.-32     	; 0x11d6 <main+0x60a>
handleWakeButtonPress():
    11f6:	e0 da       	rcall	.-2624   	; 0x7b8 <digitalRead.constprop.23>
    11f8:	81 11       	cpse	r24, r1
    11fa:	7e cf       	rjmp	.-260    	; 0x10f8 <main+0x52c>
    11fc:	65 e0       	ldi	r22, 0x05	; 5
/home/david/firmware/firmware.ino:313
void showTouchedPads()
{
  const uint8_t pressedMask = getPressedTouchMask();

  if (pressedMask & (LEFT_BLUE_MASK | LEFT_RED_MASK | LEFT_GREEN_MASK)) {
    setLeftEye(
    11fe:	70 e0       	ldi	r23, 0x00	; 0
    1200:	80 e0       	ldi	r24, 0x00	; 0
/home/david/firmware/firmware.ino:321
      (pressedMask & LEFT_BLUE_MASK) ? 20 : 0
    );
  }

  if (pressedMask & (RIGHT_BLUE_MASK | RIGHT_RED_MASK | RIGHT_GREEN_MASK)) {
    setRightEye(
    1202:	90 e0       	ldi	r25, 0x00	; 0
    1204:	83 d8       	rcall	.-3834   	; 0x30c <delay>
/home/david/firmware/firmware.ino:1376
      showTouchedPads();
      delay(TOUCH_POLL_MS);
      intervalMs -= TOUCH_POLL_MS;

      const uint16_t buttonLowTime = measureWakeButtonLowTime(MAX_BUTTON_HOLD_MS);
      if (buttonLowTime > SHORT_PRESS_THRESHOLD_MS) {
    1206:	f7 cf       	rjmp	.-18     	; 0x11f6 <main+0x62a>
main():
    1208:	1b 82       	std	Y+3, r1	; 0x03
    120a:	98 cf       	rjmp	.-208    	; 0x113c <main+0x570>
    120c:	e1 2c       	mov	r14, r1
    120e:	bc cf       	rjmp	.-136    	; 0x1188 <main+0x5bc>
loop():
/home/david/firmware/firmware.ino:1313
  uint16_t &animationStep,
  uint32_t &totalIntervalMs
)
{
  // Pause animation during long press
  if (heldMs > LONG_PRESS_THRESHOLD_MS) {
    1210:	b9 ec       	ldi	r27, 0xC9	; 201
    1212:	cb 16       	cp	r12, r27
    1214:	d1 04       	cpc	r13, r1
    1216:	08 f4       	brcc	.+2      	; 0x121a <main+0x64e>
    1218:	6d cf       	rjmp	.-294    	; 0x10f4 <main+0x528>
handleWakeButtonPress():
    121a:	e1 eb       	ldi	r30, 0xB1	; 177
/home/david/firmware/firmware.ino:1384
      else if (buttonLowTime > 0) {
        animationStep = 0;
      }
    }

    if (totalIntervalMs > WAKE_TIMEOUT_MS) {
    121c:	ce 16       	cp	r12, r30
    121e:	e4 e0       	ldi	r30, 0x04	; 4
    1220:	de 06       	cpc	r13, r30
    1222:	08 f4       	brcc	.+2      	; 0x1226 <main+0x65a>
    1224:	69 cf       	rjmp	.-302    	; 0x10f8 <main+0x52c>
    1226:	e7 cf       	rjmp	.-50     	; 0x11f6 <main+0x62a>
loop():
    1228:	f1 ea       	ldi	r31, 0xA1	; 161
    122a:	8f 16       	cp	r8, r31
    122c:	fb eb       	ldi	r31, 0xBB	; 187
/home/david/firmware/firmware.ino:177
  }
}

void disableRtc()
{
  RTC.PITINTCTRL = ~(RTC_PI_bm);
    122e:	9f 06       	cpc	r9, r31
    1230:	fd e0       	ldi	r31, 0x0D	; 13
    1232:	af 06       	cpc	r10, r31
/home/david/firmware/firmware.ino:178
  shouldProcessPtc = false;
    1234:	b1 04       	cpc	r11, r1
    1236:	08 f4       	brcc	.+2      	; 0x123a <main+0x66e>
/home/david/firmware/firmware.ino:224
}

void enterSleep()
{
  disableRtc();
  set_sleep_mode(SLEEP_MODE_PWR_DOWN);
    1238:	a3 cd       	rjmp	.-1210   	; 0xd80 <main+0x1b4>
disableRtc():
    123a:	8e ef       	ldi	r24, 0xFE	; 254
    123c:	80 93 52 01 	sts	0x0152, r24	; 0x800152 <digital_pin_to_bit_mask+0x7f6d90>
    1240:	10 92 da 38 	sts	0x38DA, r1	; 0x8038da <shouldProcessPtc>
enterSleep():
/home/david/firmware/firmware.ino:226

  PORTA.PIN3CTRL = PORT_PULLUPEN_bm | PORT_ISC_LEVEL_gc;
    1244:	80 91 50 00 	lds	r24, 0x0050	; 0x800050 <digital_pin_to_bit_mask+0x7f6c8e>
    1248:	89 7f       	andi	r24, 0xF9	; 249
/home/david/firmware/firmware.ino:227
  digitalWrite(LED_POWER_PIN, LOW);
    124a:	84 60       	ori	r24, 0x04	; 4
    124c:	80 93 50 00 	sts	0x0050, r24	; 0x800050 <digital_pin_to_bit_mask+0x7f6c8e>
/home/david/firmware/firmware.ino:228
  ADC0.CTRLA &= ~ADC_ENABLE_bm;
    1250:	8d e0       	ldi	r24, 0x0D	; 13
    1252:	80 93 13 04 	sts	0x0413, r24	; 0x800413 <digital_pin_to_bit_mask+0x7f7051>
    1256:	80 e0       	ldi	r24, 0x00	; 0
    1258:	b5 da       	rcall	.-2710   	; 0x7c4 <digitalWrite.constprop.7>
/home/david/firmware/firmware.ino:171
}

void setTouchButtonPins(uint8_t mode)
{
  for (uint8_t buttonIndex = 0; buttonIndex < NUM_TOUCH_BUTTONS; ++buttonIndex) {
    pinMode(TOUCH_BUTTON_PINS[buttonIndex], mode);
    125a:	80 91 00 06 	lds	r24, 0x0600	; 0x800600 <digital_pin_to_bit_mask+0x7f723e>
    125e:	8e 7f       	andi	r24, 0xFE	; 254
    1260:	80 93 00 06 	sts	0x0600, r24	; 0x800600 <digital_pin_to_bit_mask+0x7f723e>
setTouchButtonPins():
    1264:	61 e0       	ldi	r22, 0x01	; 1
    1266:	a9 81       	ldd	r26, Y+1	; 0x01
    1268:	ba 81       	ldd	r27, Y+2	; 0x02
/home/david/firmware/firmware.ino:170
  setAllLeds(color.red, color.green, color.blue, show);
}

void setTouchButtonPins(uint8_t mode)
{
  for (uint8_t buttonIndex = 0; buttonIndex < NUM_TOUCH_BUTTONS; ++buttonIndex) {
    126a:	8d 91       	ld	r24, X+
    126c:	a9 83       	std	Y+1, r26	; 0x01
    126e:	ba 83       	std	Y+2, r27	; 0x02
    1270:	c9 da       	rcall	.-2670   	; 0x804 <pinMode>
    1272:	e9 81       	ldd	r30, Y+1	; 0x01
    1274:	fa 81       	ldd	r31, Y+2	; 0x02
    1276:	2e 16       	cp	r2, r30
    1278:	3f 06       	cpc	r3, r31
    127a:	a1 f7       	brne	.-24     	; 0x1264 <main+0x698>
enterSleep():
    127c:	80 91 50 00 	lds	r24, 0x0050	; 0x800050 <digital_pin_to_bit_mask+0x7f6c8e>
    1280:	81 60       	ori	r24, 0x01	; 1
    1282:	80 93 50 00 	sts	0x0050, r24	; 0x800050 <digital_pin_to_bit_mask+0x7f6c8e>
    1286:	88 95       	sleep
    1288:	88 ed       	ldi	r24, 0xD8	; 216
    128a:	91 e0       	ldi	r25, 0x01	; 1
    128c:	84 bf       	out	0x34, r24	; 52
    128e:	90 93 00 01 	sts	0x0100, r25	; 0x800100 <digital_pin_to_bit_mask+0x7f6d3e>
    1292:	ff cf       	rjmp	.-2      	; 0x1292 <main+0x6c6>

00001294 <_GLOBAL__sub_I_touchButtons>:
_GLOBAL__sub_I_touchButtons():
    1294:	e5 ee       	ldi	r30, 0xE5	; 229
    1296:	f8 e3       	ldi	r31, 0x38	; 56
    1298:	82 e3       	ldi	r24, 0x32	; 50
    129a:	90 e0       	ldi	r25, 0x00	; 0
    129c:	84 83       	std	Z+4, r24	; 0x04
    129e:	95 83       	std	Z+5, r25	; 0x05
    12a0:	17 82       	std	Z+7, r1	; 0x07
    12a2:	83 e0       	ldi	r24, 0x03	; 3
    12a4:	98 e3       	ldi	r25, 0x38	; 56
    12a6:	80 87       	std	Z+8, r24	; 0x08
    12a8:	91 87       	std	Z+9, r25	; 0x09
    12aa:	16 86       	std	Z+14, r1	; 0x0e
    12ac:	17 86       	std	Z+15, r1	; 0x0f
    12ae:	10 8a       	std	Z+16, r1	; 0x10
    12b0:	11 8a       	std	Z+17, r1	; 0x11
    12b2:	81 e0       	ldi	r24, 0x01	; 1
    12b4:	85 87       	std	Z+13, r24	; 0x0d
    12b6:	82 87       	std	Z+10, r24	; 0x0a
    12b8:	13 86       	std	Z+11, r1	; 0x0b
    12ba:	82 e0       	ldi	r24, 0x02	; 2
    12bc:	84 87       	std	Z+12, r24	; 0x0c
    12be:	86 e3       	ldi	r24, 0x36	; 54
    12c0:	90 e0       	ldi	r25, 0x00	; 0
    12c2:	82 83       	std	Z+2, r24	; 0x02
    12c4:	93 83       	std	Z+3, r25	; 0x03
    12c6:	82 e1       	ldi	r24, 0x12	; 18
    12c8:	90 e0       	ldi	r25, 0x00	; 0
    12ca:	80 83       	st	Z, r24
    12cc:	91 83       	std	Z+1, r25	; 0x01
    12ce:	86 e0       	ldi	r24, 0x06	; 6
    12d0:	86 83       	std	Z+6, r24	; 0x06
    12d2:	84 e2       	ldi	r24, 0x24	; 36
    12d4:	94 e0       	ldi	r25, 0x04	; 4
    12d6:	82 8b       	std	Z+18, r24	; 0x12
    12d8:	93 8b       	std	Z+19, r25	; 0x13
    12da:	88 e0       	ldi	r24, 0x08	; 8
    12dc:	84 8b       	std	Z+20, r24	; 0x14
    12de:	08 95       	ret

000012e0 <__udivmodhi4>:
__udivmodhi4():
/home/admin/Arduino/toolchain-avr-special-master/gcc-build/avr/avrxmega3/libgcc/../../../../gcc/libgcc/config/avr/lib1funcs.S:1408
    12e0:	aa 1b       	sub	r26, r26
/home/admin/Arduino/toolchain-avr-special-master/gcc-build/avr/avrxmega3/libgcc/../../../../gcc/libgcc/config/avr/lib1funcs.S:1409
    12e2:	bb 1b       	sub	r27, r27
/home/admin/Arduino/toolchain-avr-special-master/gcc-build/avr/avrxmega3/libgcc/../../../../gcc/libgcc/config/avr/lib1funcs.S:1410
    12e4:	51 e1       	ldi	r21, 0x11	; 17
/home/admin/Arduino/toolchain-avr-special-master/gcc-build/avr/avrxmega3/libgcc/../../../../gcc/libgcc/config/avr/lib1funcs.S:1411
    12e6:	07 c0       	rjmp	.+14     	; 0x12f6 <__udivmodhi4_ep>

000012e8 <__udivmodhi4_loop>:
/home/admin/Arduino/toolchain-avr-special-master/gcc-build/avr/avrxmega3/libgcc/../../../../gcc/libgcc/config/avr/lib1funcs.S:1413
    12e8:	aa 1f       	adc	r26, r26
/home/admin/Arduino/toolchain-avr-special-master/gcc-build/avr/avrxmega3/libgcc/../../../../gcc/libgcc/config/avr/lib1funcs.S:1414
    12ea:	bb 1f       	adc	r27, r27
/home/admin/Arduino/toolchain-avr-special-master/gcc-build/avr/avrxmega3/libgcc/../../../../gcc/libgcc/config/avr/lib1funcs.S:1415
    12ec:	a6 17       	cp	r26, r22
/home/admin/Arduino/toolchain-avr-special-master/gcc-build/avr/avrxmega3/libgcc/../../../../gcc/libgcc/config/avr/lib1funcs.S:1416
    12ee:	b7 07       	cpc	r27, r23
/home/admin/Arduino/toolchain-avr-special-master/gcc-build/avr/avrxmega3/libgcc/../../../../gcc/libgcc/config/avr/lib1funcs.S:1417
    12f0:	10 f0       	brcs	.+4      	; 0x12f6 <__udivmodhi4_ep>
/home/admin/Arduino/toolchain-avr-special-master/gcc-build/avr/avrxmega3/libgcc/../../../../gcc/libgcc/config/avr/lib1funcs.S:1418
    12f2:	a6 1b       	sub	r26, r22
/home/admin/Arduino/toolchain-avr-special-master/gcc-build/avr/avrxmega3/libgcc/../../../../gcc/libgcc/config/avr/lib1funcs.S:1419
    12f4:	b7 0b       	sbc	r27, r23

000012f6 <__udivmodhi4_ep>:
/home/admin/Arduino/toolchain-avr-special-master/gcc-build/avr/avrxmega3/libgcc/../../../../gcc/libgcc/config/avr/lib1funcs.S:1421
    12f6:	88 1f       	adc	r24, r24
/home/admin/Arduino/toolchain-avr-special-master/gcc-build/avr/avrxmega3/libgcc/../../../../gcc/libgcc/config/avr/lib1funcs.S:1422
    12f8:	99 1f       	adc	r25, r25
/home/admin/Arduino/toolchain-avr-special-master/gcc-build/avr/avrxmega3/libgcc/../../../../gcc/libgcc/config/avr/lib1funcs.S:1423
    12fa:	5a 95       	dec	r21
/home/admin/Arduino/toolchain-avr-special-master/gcc-build/avr/avrxmega3/libgcc/../../../../gcc/libgcc/config/avr/lib1funcs.S:1424
    12fc:	a9 f7       	brne	.-22     	; 0x12e8 <__udivmodhi4_loop>
/home/admin/Arduino/toolchain-avr-special-master/gcc-build/avr/avrxmega3/libgcc/../../../../gcc/libgcc/config/avr/lib1funcs.S:1425
    12fe:	80 95       	com	r24
/home/admin/Arduino/toolchain-avr-special-master/gcc-build/avr/avrxmega3/libgcc/../../../../gcc/libgcc/config/avr/lib1funcs.S:1426
    1300:	90 95       	com	r25
/home/admin/Arduino/toolchain-avr-special-master/gcc-build/avr/avrxmega3/libgcc/../../../../gcc/libgcc/config/avr/lib1funcs.S:1428
    1302:	bc 01       	movw	r22, r24
/home/admin/Arduino/toolchain-avr-special-master/gcc-build/avr/avrxmega3/libgcc/../../../../gcc/libgcc/config/avr/lib1funcs.S:1430
    1304:	cd 01       	movw	r24, r26
/home/admin/Arduino/toolchain-avr-special-master/gcc-build/avr/avrxmega3/libgcc/../../../../gcc/libgcc/config/avr/lib1funcs.S:1432
    1306:	08 95       	ret

00001308 <__tablejump2__>:
__tablejump2__():
/home/admin/Arduino/toolchain-avr-special-master/gcc-build/avr/avrxmega3/libgcc/../../../../gcc/libgcc/config/avr/lib1funcs.S:2296
    1308:	ee 0f       	add	r30, r30
/home/admin/Arduino/toolchain-avr-special-master/gcc-build/avr/avrxmega3/libgcc/../../../../gcc/libgcc/config/avr/lib1funcs.S:2297
    130a:	ff 1f       	adc	r31, r31
/home/admin/Arduino/toolchain-avr-special-master/gcc-build/avr/avrxmega3/libgcc/../../../../gcc/libgcc/config/avr/lib1funcs.S:2328
    130c:	05 90       	lpm	r0, Z+
/home/admin/Arduino/toolchain-avr-special-master/gcc-build/avr/avrxmega3/libgcc/../../../../gcc/libgcc/config/avr/lib1funcs.S:2329
    130e:	f4 91       	lpm	r31, Z
/home/admin/Arduino/toolchain-avr-special-master/gcc-build/avr/avrxmega3/libgcc/../../../../gcc/libgcc/config/avr/lib1funcs.S:2330
    1310:	e0 2d       	mov	r30, r0
/home/admin/Arduino/toolchain-avr-special-master/gcc-build/avr/avrxmega3/libgcc/../../../../gcc/libgcc/config/avr/lib1funcs.S:2331
    1312:	09 94       	ijmp

00001314 <__muluhisi3>:
__muluhisi3():
/home/admin/Arduino/toolchain-avr-special-master/gcc-build/avr/avrxmega3/libgcc/../../../../gcc/libgcc/config/avr/lib1funcs.S:626
    1314:	09 d0       	rcall	.+18     	; 0x1328 <__umulhisi3>
/home/admin/Arduino/toolchain-avr-special-master/gcc-build/avr/avrxmega3/libgcc/../../../../gcc/libgcc/config/avr/lib1funcs.S:627
    1316:	a5 9f       	mul	r26, r21
/home/admin/Arduino/toolchain-avr-special-master/gcc-build/avr/avrxmega3/libgcc/../../../../gcc/libgcc/config/avr/lib1funcs.S:628
    1318:	90 0d       	add	r25, r0
/home/admin/Arduino/toolchain-avr-special-master/gcc-build/avr/avrxmega3/libgcc/../../../../gcc/libgcc/config/avr/lib1funcs.S:629
    131a:	b4 9f       	mul	r27, r20
/home/admin/Arduino/toolchain-avr-special-master/gcc-build/avr/avrxmega3/libgcc/../../../../gcc/libgcc/config/avr/lib1funcs.S:630
    131c:	90 0d       	add	r25, r0
/home/admin/Arduino/toolchain-avr-special-master/gcc-build/avr/avrxmega3/libgcc/../../../../gcc/libgcc/config/avr/lib1funcs.S:631
    131e:	a4 9f       	mul	r26, r20
/home/admin/Arduino/toolchain-avr-special-master/gcc-build/avr/avrxmega3/libgcc/../../../../gcc/libgcc/config/avr/lib1funcs.S:632
    1320:	80 0d       	add	r24, r0
/home/admin/Arduino/toolchain-avr-special-master/gcc-build/avr/avrxmega3/libgcc/../../../../gcc/libgcc/config/avr/lib1funcs.S:633
    1322:	91 1d       	adc	r25, r1
/home/admin/Arduino/toolchain-avr-special-master/gcc-build/avr/avrxmega3/libgcc/../../../../gcc/libgcc/config/avr/lib1funcs.S:634
    1324:	11 24       	eor	r1, r1
/home/admin/Arduino/toolchain-avr-special-master/gcc-build/avr/avrxmega3/libgcc/../../../../gcc/libgcc/config/avr/lib1funcs.S:635
    1326:	08 95       	ret

00001328 <__umulhisi3>:
__umulhisi3():
/home/admin/Arduino/toolchain-avr-special-master/gcc-build/avr/avrxmega3/libgcc/../../../../gcc/libgcc/config/avr/lib1funcs.S:564
    1328:	a2 9f       	mul	r26, r18
/home/admin/Arduino/toolchain-avr-special-master/gcc-build/avr/avrxmega3/libgcc/../../../../gcc/libgcc/config/avr/lib1funcs.S:565
    132a:	b0 01       	movw	r22, r0
/home/admin/Arduino/toolchain-avr-special-master/gcc-build/avr/avrxmega3/libgcc/../../../../gcc/libgcc/config/avr/lib1funcs.S:566
    132c:	b3 9f       	mul	r27, r19
/home/admin/Arduino/toolchain-avr-special-master/gcc-build/avr/avrxmega3/libgcc/../../../../gcc/libgcc/config/avr/lib1funcs.S:567
    132e:	c0 01       	movw	r24, r0
/home/admin/Arduino/toolchain-avr-special-master/gcc-build/avr/avrxmega3/libgcc/../../../../gcc/libgcc/config/avr/lib1funcs.S:568
    1330:	a3 9f       	mul	r26, r19
/home/admin/Arduino/toolchain-avr-special-master/gcc-build/avr/avrxmega3/libgcc/../../../../gcc/libgcc/config/avr/lib1funcs.S:573
    1332:	70 0d       	add	r23, r0
/home/admin/Arduino/toolchain-avr-special-master/gcc-build/avr/avrxmega3/libgcc/../../../../gcc/libgcc/config/avr/lib1funcs.S:574
    1334:	81 1d       	adc	r24, r1
/home/admin/Arduino/toolchain-avr-special-master/gcc-build/avr/avrxmega3/libgcc/../../../../gcc/libgcc/config/avr/lib1funcs.S:575
    1336:	11 24       	eor	r1, r1
/home/admin/Arduino/toolchain-avr-special-master/gcc-build/avr/avrxmega3/libgcc/../../../../gcc/libgcc/config/avr/lib1funcs.S:576
    1338:	91 1d       	adc	r25, r1
/home/admin/Arduino/toolchain-avr-special-master/gcc-build/avr/avrxmega3/libgcc/../../../../gcc/libgcc/config/avr/lib1funcs.S:580
    133a:	b2 9f       	mul	r27, r18
/home/admin/Arduino/toolchain-avr-special-master/gcc-build/avr/avrxmega3/libgcc/../../../../gcc/libgcc/config/avr/lib1funcs.S:581
    133c:	70 0d       	add	r23, r0
/home/admin/Arduino/toolchain-avr-special-master/gcc-build/avr/avrxmega3/libgcc/../../../../gcc/libgcc/config/avr/lib1funcs.S:582
    133e:	81 1d       	adc	r24, r1
/home/admin/Arduino/toolchain-avr-special-master/gcc-build/avr/avrxmega3/libgcc/../../../../gcc/libgcc/config/avr/lib1funcs.S:583
    1340:	11 24       	eor	r1, r1
/home/admin/Arduino/toolchain-avr-special-master/gcc-build/avr/avrxmega3/libgcc/../../../../gcc/libgcc/config/avr/lib1funcs.S:584
    1342:	91 1d       	adc	r25, r1
/home/admin/Arduino/toolchain-avr-special-master/gcc-build/avr/avrxmega3/libgcc/../../../../gcc/libgcc/config/avr/lib1funcs.S:585
    1344:	08 95       	ret

00001346 <_exit>:
exit():
/home/admin/Arduino/toolchain-avr-special-master/gcc-build/avr/avrxmega3/libgcc/../../../../gcc/libgcc/config/avr/lib1funcs.S:2278
    1346:	f8 94       	cli

00001348 <__stop_program>:
__stop_program():
/home/admin/Arduino/toolchain-avr-special-master/gcc-build/avr/avrxmega3/libgcc/../../../../gcc/libgcc/config/avr/lib1funcs.S:2280
    1348:	ff cf       	rjmp	.-2      	; 0x1348 <__stop_program>
